Team,Year,player_BPM_mean,player_BPM_max,player_BPM_std,player_BPM_count,player_ORtg_mean,player_ORtg_max,player_ORtg_min,player_PRPG!_mean,player_PRPG!_max,player_PRPG!_sum,player_Usg_mean,player_Usg_max,player_Usg_sum,player_eFG_mean,player_eFG_max,player_TS_mean,player_TS_max,player_Min%_sum,player_Min%_max,player_Ast_mean,player_Ast_max,player_TO_mean,player_Blk_mean,player_Blk_max,player_Stl_mean,player_Stl_max,player_Class Year_<lambda>
Akron,2020,8.0,8.0,,1,123.7,123.7,123.7,6.0,6.0,6.0,26.8,26.8,26.8,58.7,58.7,63.8,63.8,86.3,86.3,29.2,29.2,14.5,0.1,0.1,1.5,1.5,0
Akron,2021,4.5,4.5,,1,109.5,109.5,109.5,5.1,5.1,5.1,33.3,33.3,33.3,46.7,46.7,52.9,52.9,88.1,88.1,35.5,35.5,15.4,0.1,0.1,1.6,1.6,1
Akron,2023,8.0,8.0,,1,121.9,121.9,121.9,5.5,5.5,5.5,29.4,29.4,29.4,54.4,54.4,62.3,62.3,79.4,79.4,19.0,19.0,13.5,0.2,0.2,1.7,1.7,1
Akron,2024,7.9,7.9,,1,118.4,118.4,118.4,4.6,4.6,4.6,28.1,28.1,28.1,61.1,61.1,64.5,64.5,81.8,81.8,10.9,10.9,17.3,5.9,5.9,1.4,1.4,1
Alabama,2023,11.0,11.0,,1,117.0,117.0,117.0,4.9,4.9,4.9,25.0,25.0,25.0,53.3,53.3,58.3,58.3,80.0,80.0,12.7,12.7,14.7,2.4,2.4,1.5,1.5,0
Alabama,2024,10.3,10.3,,1,129.1,129.1,129.1,6.6,6.6,6.6,25.6,25.6,25.6,60.4,60.4,65.8,65.8,83.6,83.6,21.2,21.2,15.5,0.3,0.3,2.6,2.6,1
Arizona,2022,6.7,6.7,,1,116.9,116.9,116.9,4.6,4.6,4.6,23.5,23.5,23.5,53.7,53.7,57.7,57.7,80.6,80.6,13.8,13.8,12.9,0.8,0.8,1.6,1.6,0
Arizona,2023,8.8,8.8,,1,116.1,116.1,116.1,5.2,5.2,5.2,28.4,28.4,28.4,58.0,58.0,61.4,61.4,75.6,75.6,14.0,14.0,15.3,2.3,2.3,2.1,2.1,0
Arkansas,2020,8.4,8.4,,1,111.9,111.9,111.9,5.4,5.4,5.4,31.6,31.6,31.6,53.3,53.3,61.4,61.4,80.6,80.6,23.0,23.0,16.7,0.5,0.5,2.7,2.7,0
Auburn,2019,6.3,6.3,,1,116.7,116.7,116.7,5.1,5.1,5.1,25.1,25.1,25.1,50.1,50.1,56.0,56.0,82.3,82.3,32.6,32.6,16.9,0.2,0.2,2.0,2.0,0
Austin Peay,2019,6.6,6.6,,1,121.4,121.4,121.4,4.7,4.7,4.7,26.7,26.7,26.7,57.7,57.7,60.2,60.2,83.6,83.6,10.7,10.7,12.0,3.0,3.0,1.7,1.7,0
Austin Peay,2020,6.6,6.6,,1,116.1,116.1,116.1,4.8,4.8,4.8,26.8,26.8,26.8,58.2,58.2,59.3,59.3,91.9,91.9,9.2,9.2,14.2,3.9,3.9,2.1,2.1,0
Austin Peay,2021,5.2,5.2,,1,116.7,116.7,116.7,5.2,5.2,5.2,28.2,28.2,28.2,53.9,53.9,57.5,57.5,92.6,92.6,10.3,10.3,14.9,2.9,2.9,1.9,1.9,1
BYU,2020,8.4,8.4,,1,109.2,109.2,109.2,4.7,4.7,4.7,35.6,35.6,35.6,60.8,60.8,60.3,60.3,43.6,43.6,17.5,17.5,13.3,3.3,3.3,1.5,1.5,1
BYU,2021,9.3,9.3,,1,123.3,123.3,123.3,5.2,5.2,5.2,22.4,22.4,22.4,60.5,60.5,64.7,64.7,79.8,79.8,25.7,25.7,16.6,0.0,0.0,1.8,1.8,1
BYU,2022,7.0,7.0,,1,118.2,118.2,118.2,4.8,4.8,4.8,23.8,23.8,23.8,54.9,54.9,59.8,59.8,80.8,80.8,19.6,19.6,13.8,0.0,0.0,1.6,1.6,1
Baylor,2021,9.43,10.7,1.3,3,121.6,125.4,117.3,5.13,5.2,15.4,23.17,26.9,69.5,58.2,61.3,60.2,62.0,233.8,80.8,21.83,28.3,16.53,1.3,1.3,2.87,3.7,1
Baylor,2023,7.0,7.0,,1,120.4,120.4,120.4,5.4,5.4,5.4,22.8,22.8,22.8,52.8,52.8,56.2,56.2,78.9,78.9,27.9,27.9,13.0,0.2,0.2,2.1,2.1,1
Baylor,2024,8.7,8.7,,1,130.1,130.1,130.1,4.8,4.8,4.8,16.8,16.8,16.8,58.5,58.5,61.6,61.6,78.5,78.5,8.2,8.2,10.4,1.9,1.9,1.9,1.9,1
Belmont,2019,10.5,10.5,,1,126.6,126.6,126.6,5.3,5.3,5.3,24.7,24.7,24.7,64.9,64.9,68.0,68.0,83.7,83.7,13.4,13.4,13.6,1.7,1.7,2.4,2.4,1
Boise St,2024,8.5,8.5,,1,126.8,126.8,126.8,5.5,5.5,5.5,22.6,22.6,22.6,53.9,53.9,59.9,59.9,83.0,83.0,9.3,9.3,8.0,1.0,1.0,1.9,1.9,0
Boston College,2024,8.9,8.9,,1,114.7,114.7,114.7,4.5,4.5,4.5,27.0,27.0,27.0,57.0,57.0,60.5,60.5,77.1,77.1,18.7,18.7,16.9,6.0,6.0,1.6,1.6,1
Buffalo,2019,10.1,10.1,,1,127.6,127.6,127.6,5.3,5.3,5.3,22.7,22.7,22.7,57.0,57.0,61.4,61.4,78.1,78.1,15.0,15.0,9.7,0.9,0.9,1.9,1.9,1
Butler,2020,8.3,8.3,,1,129.9,129.9,129.9,4.8,4.8,4.8,15.4,15.4,15.4,60.4,60.4,63.9,63.9,82.0,82.0,6.2,6.2,8.4,1.5,1.5,1.3,1.3,1
Cal St Northridge,2020,1.8,1.8,,1,118.1,118.1,118.1,4.6,4.6,4.6,22.4,22.4,22.4,55.4,55.4,60.0,60.0,93.8,93.8,12.4,12.4,9.9,0.0,0.0,1.3,1.3,0
Campbell,2019,8.0,8.0,,1,115.6,115.6,115.6,6.5,6.5,6.5,37.4,37.4,37.4,53.6,53.6,59.9,59.9,93.9,93.9,19.4,19.4,10.8,1.0,1.0,2.5,2.5,1
Charleston,2019,5.7,5.7,,1,120.9,120.9,120.9,5.4,5.4,5.4,30.1,30.1,30.1,58.4,58.4,62.4,62.4,88.1,88.1,25.7,25.7,13.1,0.2,0.2,2.1,2.1,0
Charleston,2020,7.0,7.0,,1,112.1,112.1,112.1,5.3,5.3,5.3,33.9,33.9,33.9,54.8,54.8,60.5,60.5,84.0,84.0,30.5,30.5,16.6,1.0,1.0,2.9,2.9,1
Charlotte,2022,5.2,5.2,,1,113.7,113.7,113.7,4.9,4.9,4.9,28.1,28.1,28.1,53.0,53.0,58.5,58.5,89.6,89.6,23.3,23.3,12.7,1.4,1.4,1.8,1.8,0
Chattanooga,2022,8.3,8.3,,1,117.7,117.7,117.7,5.3,5.3,5.3,28.0,28.0,28.0,54.5,54.5,59.1,59.1,89.5,89.5,17.1,17.1,14.7,0.4,0.4,2.9,2.9,0
Chattanooga,2023,10.8,10.8,,1,120.9,120.9,120.9,5.6,5.6,5.6,30.5,30.5,30.5,61.5,61.5,66.0,66.0,56.1,56.1,26.0,26.0,17.8,7.7,7.7,1.8,1.8,1
Colorado,2021,9.2,9.2,,1,118.6,118.6,118.6,5.7,5.7,5.7,26.3,26.3,26.3,51.8,51.8,56.8,56.8,81.3,81.3,36.9,36.9,15.1,1.0,1.0,1.9,1.9,1
Colorado,2024,9.2,9.2,,1,122.6,122.6,122.6,6.0,6.0,6.0,26.4,26.4,26.4,55.2,55.2,60.6,60.6,86.8,86.8,27.1,27.1,13.9,0.2,0.2,2.7,2.7,0
Colorado St,2022,7.25,10.4,4.45,2,117.1,119.1,115.1,5.3,5.9,10.6,26.2,28.8,52.4,57.65,63.4,60.8,64.9,169.0,86.9,23.6,27.4,13.85,2.2,4.0,2.1,2.1,0
Colorado St,2023,4.4,4.4,,1,111.9,111.9,111.9,5.3,5.3,5.3,28.0,28.0,28.0,51.5,51.5,55.5,55.5,71.8,71.8,38.1,38.1,13.2,0.9,0.9,1.2,1.2,1
Colorado St,2024,6.6,6.6,,1,114.9,114.9,114.9,4.7,4.7,4.7,26.0,26.0,26.0,53.8,53.8,57.5,57.5,87.5,87.5,38.8,38.8,15.6,0.5,0.5,2.1,2.1,1
Connecticut,2022,5.4,5.4,,1,115.5,115.5,115.5,4.8,4.8,4.8,24.3,24.3,24.3,48.4,48.4,53.6,53.6,82.2,82.2,24.9,24.9,14.1,0.2,0.2,1.9,1.9,1
Connecticut,2023,8.85,10.3,2.05,2,121.95,122.7,121.2,4.7,4.8,9.4,24.55,26.4,49.1,57.9,62.7,61.6,64.8,136.1,69.6,9.85,11.5,14.0,2.5,3.2,1.45,1.5,0
Connecticut,2024,9.77,11.2,1.36,3,129.1,137.1,119.9,5.17,5.8,15.5,20.57,26.1,61.7,56.7,60.6,60.8,64.0,241.6,83.0,19.37,31.2,12.2,1.5,2.8,2.03,2.7,2
Creighton,2020,6.5,7.1,0.85,2,113.4,114.8,112.0,4.6,4.6,9.2,22.8,23.7,45.6,55.55,58.1,59.3,60.1,174.5,87.4,19.8,27.3,14.4,0.55,0.8,2.05,2.2,0
Creighton,2021,7.3,7.3,,1,114.5,114.5,114.5,4.7,4.7,4.7,23.3,23.3,23.3,57.9,57.9,60.0,60.0,77.9,77.9,23.9,23.9,15.7,0.2,0.2,2.2,2.2,0
Creighton,2022,10.2,10.2,,1,128.8,128.8,128.8,5.0,5.0,5.0,20.0,20.0,20.0,65.1,65.1,67.4,67.4,70.6,70.6,6.7,6.7,13.8,8.5,8.5,0.9,0.9,0
Creighton,2023,10.0,10.0,,1,133.4,133.4,133.4,5.7,5.7,5.7,19.4,19.4,19.4,70.5,70.5,72.5,72.5,73.6,73.6,7.8,7.8,13.6,5.9,5.9,1.1,1.1,0
Creighton,2024,9.05,9.4,0.49,2,122.8,129.1,116.5,5.5,5.8,11.0,22.95,24.9,45.9,61.4,66.8,63.8,68.0,174.2,89.8,13.5,19.9,13.25,3.95,7.6,1.05,1.5,2
Davidson,2019,6.8,6.8,,1,115.5,115.5,115.5,4.8,4.8,4.8,25.3,25.3,25.3,53.6,53.6,60.1,60.1,92.6,92.6,27.5,27.5,16.3,0.3,0.3,2.1,2.1,0
Davidson,2021,7.3,7.3,,1,126.9,126.9,126.9,5.0,5.0,5.0,21.0,21.0,21.0,65.5,65.5,68.7,68.7,75.0,75.0,16.7,16.7,16.6,1.6,1.6,1.2,1.2,0
Davidson,2022,6.7,7.6,1.27,2,121.9,122.6,121.2,4.9,5.1,9.8,24.85,25.6,49.7,60.2,63.3,63.8,63.8,140.6,74.7,20.35,22.3,13.6,2.3,4.6,1.05,1.5,1
Dayton,2020,9.55,11.9,3.32,2,122.0,122.5,121.5,5.15,5.4,10.3,24.3,26.2,48.6,62.85,67.4,65.5,68.4,158.5,80.3,20.0,25.5,15.7,2.25,4.1,1.65,1.8,0
Dayton,2021,2.9,2.9,,1,108.9,108.9,108.9,4.8,4.8,4.8,26.5,26.5,26.5,54.0,54.0,57.9,57.9,92.9,92.9,28.1,28.1,17.8,0.1,0.1,1.2,1.2,1
Dayton,2023,7.4,7.4,,1,115.6,115.6,115.6,4.7,4.7,4.7,27.0,27.0,27.0,59.7,59.7,62.1,62.1,85.0,85.0,12.1,12.1,15.8,6.5,6.5,1.4,1.4,0
Dayton,2024,11.5,11.5,,1,119.1,119.1,119.1,5.9,5.9,5.9,31.2,31.2,31.2,58.4,58.4,62.6,62.6,80.7,80.7,19.0,19.0,13.7,7.2,7.2,1.8,1.8,0
DePaul,2019,3.9,3.9,,1,115.8,115.8,115.8,4.7,4.7,4.7,23.4,23.4,23.4,53.3,53.3,57.5,57.5,90.3,90.3,11.3,11.3,12.7,1.6,1.6,1.4,1.4,1
DePaul,2022,7.5,7.5,,1,111.2,111.2,111.2,5.4,5.4,5.4,30.3,30.3,30.3,49.0,49.0,53.6,53.6,67.4,67.4,20.3,20.3,11.6,0.2,0.2,2.8,2.8,1
Detroit Mercy,2019,2.7,2.7,,1,107.7,107.7,107.7,5.1,5.1,5.1,35.0,35.0,35.0,50.1,50.1,53.9,53.9,90.5,90.5,24.0,24.0,14.5,0.0,0.0,1.4,1.4,0
Detroit Mercy,2021,1.5,1.5,,1,110.5,110.5,110.5,5.0,5.0,5.0,32.2,32.2,32.2,52.3,52.3,56.6,56.6,95.6,95.6,26.7,26.7,15.6,0.0,0.0,2.2,2.2,0
Detroit Mercy,2022,3.2,3.2,,1,110.9,110.9,110.9,5.5,5.5,5.5,34.7,34.7,34.7,53.1,53.1,56.7,56.7,92.4,92.4,29.8,29.8,16.0,0.1,0.1,1.6,1.6,1
Detroit Mercy,2023,5.2,5.2,,1,115.6,115.6,115.6,6.1,6.1,6.1,35.1,35.1,35.1,52.3,52.3,56.8,56.8,92.5,92.5,22.7,22.7,14.9,0.1,0.1,2.0,2.0,1
Duke,2019,12.95,18.7,8.13,2,118.6,129.2,108.0,6.1,6.8,12.2,29.75,31.3,59.5,60.7,70.8,61.7,70.2,152.8,87.9,19.25,23.5,15.55,3.5,5.8,2.65,3.9,0
Duke,2021,8.9,8.9,,1,129.7,129.7,129.7,5.8,5.8,5.8,21.0,21.0,21.0,64.9,64.9,66.1,66.1,80.7,80.7,8.1,8.1,9.8,2.1,2.1,1.3,1.3,0
Duke,2022,8.83,12.1,2.83,3,123.67,138.6,111.3,4.7,4.8,14.1,22.03,27.2,66.1,60.23,71.8,62.87,72.4,225.7,84.6,15.37,21.7,14.77,4.87,11.3,1.83,2.3,0
Duke,2024,10.1,10.1,,1,114.5,114.5,114.5,4.5,4.5,4.5,27.7,27.7,27.7,55.1,55.1,57.5,57.5,76.0,76.0,18.4,18.4,14.9,5.2,5.2,2.3,2.3,0
Florida,2024,5.8,5.8,,1,127.4,127.4,127.4,5.2,5.2,5.2,20.5,20.5,20.5,49.3,49.3,57.4,57.4,75.5,75.5,24.7,24.7,10.3,0.3,0.3,1.5,1.5,1
Florida Gulf Coast,2022,3.2,3.2,,1,110.6,110.6,110.6,4.7,4.7,4.7,33.5,33.5,33.5,51.0,51.0,56.8,56.8,83.3,83.3,38.1,38.1,19.0,0.1,0.1,1.8,1.8,1
Fresno St,2022,10.0,10.0,,1,109.9,109.9,109.9,5.2,5.2,5.2,33.8,33.8,33.8,51.8,51.8,55.5,55.5,79.3,79.3,23.2,23.2,14.1,4.7,4.7,2.0,2.0,0
Furman,2019,12.8,12.8,,1,127.9,127.9,127.9,5.4,5.4,5.4,25.0,25.0,25.0,61.6,61.6,65.2,65.2,84.3,84.3,25.1,25.1,15.4,3.7,3.7,4.5,4.5,1
Georgia Tech,2021,6.8,7.3,0.71,2,116.15,117.8,114.5,5.05,5.2,10.1,23.2,25.8,46.4,56.8,58.8,59.55,62.3,173.4,90.6,17.35,21.0,13.65,2.75,5.4,3.4,4.5,2
Gonzaga,2019,11.9,15.4,4.95,2,128.0,134.3,121.7,5.3,5.6,10.6,25.2,26.4,50.4,65.05,69.3,66.9,69.9,145.7,75.5,10.7,12.1,12.8,6.6,10.8,2.05,2.3,0
Gonzaga,2021,10.65,10.9,0.35,2,130.25,131.2,129.3,5.85,5.9,11.7,23.6,26.5,47.2,65.35,66.3,67.55,67.7,149.3,79.2,11.7,14.4,11.75,1.95,2.5,1.4,1.5,1
Gonzaga,2022,8.2,8.2,,1,115.8,115.8,115.8,4.8,4.8,4.8,29.6,29.6,29.6,59.6,59.6,61.6,61.6,70.0,70.0,17.6,17.6,16.1,2.7,2.7,0.5,0.5,0
Gonzaga,2023,8.7,8.7,,1,119.7,119.7,119.7,5.9,5.9,5.9,30.5,30.5,30.5,61.6,61.6,62.5,62.5,79.6,79.6,19.3,19.3,15.1,3.3,3.3,1.0,1.0,1
Gonzaga,2024,9.2,9.2,,1,125.5,125.5,125.5,4.5,4.5,4.5,20.9,20.9,20.9,60.2,60.2,61.5,61.5,79.5,79.5,13.4,13.4,12.0,2.1,2.1,2.8,2.8,1
Hampton,2020,0.0,0.0,,1,105.7,105.7,105.7,4.7,4.7,4.7,34.6,34.6,34.6,45.0,45.0,51.3,51.3,77.6,77.6,37.6,37.6,12.9,0.2,0.2,1.6,1.6,1
Hofstra,2019,6.0,6.0,,1,120.7,120.7,120.7,6.1,6.1,6.1,31.5,31.5,31.5,59.6,59.6,63.7,63.7,92.8,92.8,17.6,17.6,13.2,0.6,0.6,1.4,1.4,1
Hofstra,2020,5.9,5.9,,1,115.4,115.4,115.4,4.8,4.8,4.8,26.4,26.4,26.4,53.3,53.3,58.0,58.0,94.1,94.1,31.8,31.8,17.2,0.3,0.3,3.2,3.2,1
Houston,2019,8.8,8.8,,1,120.9,120.9,120.9,4.9,4.9,4.9,23.1,23.1,23.1,53.5,53.5,57.9,57.9,82.4,82.4,17.0,17.0,11.4,0.3,0.3,1.9,1.9,1
Houston,2021,10.0,10.0,,1,118.2,118.2,118.2,5.3,5.3,5.3,25.3,25.3,25.3,52.3,52.3,55.8,55.8,79.4,79.4,12.6,12.6,13.5,1.2,1.2,2.6,2.6,0
Houston,2023,11.0,11.0,,1,123.5,123.5,123.5,5.1,5.1,5.1,24.9,24.9,24.9,54.9,54.9,59.8,59.8,74.9,74.9,19.6,19.6,12.9,0.7,0.7,3.2,3.2,1
Houston,2024,8.2,8.2,,1,120.8,120.8,120.8,4.6,4.6,4.6,22.0,22.0,22.0,52.6,52.6,55.1,55.1,79.3,79.3,12.1,12.1,8.4,0.5,0.5,2.1,2.1,1
Idaho,2023,4.9,4.9,,1,118.7,118.7,118.7,4.6,4.6,4.6,28.7,28.7,28.7,62.5,62.5,64.5,64.5,77.9,77.9,14.6,14.6,13.5,3.8,3.8,1.2,1.2,0
Illinois,2021,8.2,8.3,0.14,2,114.35,117.9,110.8,5.15,5.5,10.3,28.4,29.4,56.8,59.0,65.4,60.15,63.7,145.1,78.4,15.25,29.2,15.6,2.7,4.8,1.25,1.8,0
Illinois,2022,8.0,8.0,,1,114.7,114.7,114.7,5.4,5.4,5.4,30.7,30.7,30.7,59.3,59.3,61.3,61.3,64.5,64.5,6.7,6.7,14.6,3.0,3.0,1.6,1.6,0
Illinois,2024,10.6,10.6,,1,124.8,124.8,124.8,6.6,6.6,6.6,27.9,27.9,27.9,55.9,55.9,62.1,62.1,70.6,70.6,13.2,13.2,12.1,2.3,2.3,1.7,1.7,1
Indiana,2021,7.1,7.1,,1,107.3,107.3,107.3,5.0,5.0,5.0,29.3,29.3,29.3,51.7,51.7,55.8,55.8,83.0,83.0,10.8,10.8,12.8,4.8,4.8,1.3,1.3,0
Indiana,2022,10.8,10.8,,1,117.8,117.8,117.8,5.2,5.2,5.2,26.2,26.2,26.2,58.9,58.9,61.3,61.3,79.8,79.8,13.9,13.9,11.7,8.4,8.4,1.1,1.1,0
Indiana,2023,14.7,14.7,,1,118.5,118.5,118.5,6.4,6.4,6.4,30.1,30.1,30.1,58.2,58.2,60.9,60.9,78.7,78.7,24.8,24.8,14.3,9.0,9.0,1.4,1.4,0
Indiana St,2021,6.2,6.2,,1,114.2,114.2,114.2,4.6,4.6,4.6,25.7,25.7,25.7,53.1,53.1,59.0,59.0,78.3,78.3,14.7,14.7,12.2,1.1,1.1,1.9,1.9,1
Indiana St,2024,8.6,8.6,,1,127.0,127.0,127.0,5.2,5.2,5.2,25.2,25.2,25.2,60.9,60.9,64.8,64.8,75.6,75.6,24.4,24.4,12.8,2.0,2.0,1.2,1.2,0
Iowa,2020,10.5,10.5,,1,117.0,117.0,117.0,6.2,6.2,6.2,31.1,31.1,31.1,57.8,57.8,59.4,59.4,80.1,80.1,9.3,9.3,10.4,6.0,6.0,1.5,1.5,0
Iowa,2021,12.5,12.5,,1,124.0,124.0,124.0,7.0,7.0,7.0,30.4,30.4,30.4,59.6,59.6,62.0,62.0,78.8,78.8,12.1,12.1,8.9,5.2,5.2,1.2,1.2,1
Iowa,2022,15.0,15.0,,1,131.2,131.2,131.2,7.1,7.1,7.1,28.1,28.1,28.1,61.4,61.4,63.8,63.8,77.0,77.0,10.1,10.1,7.1,6.4,6.4,2.3,2.3,0
Iowa,2023,8.0,8.0,,1,118.5,118.5,118.5,5.6,5.6,5.6,25.6,25.6,25.6,54.8,54.8,57.2,57.2,75.6,75.6,11.7,11.7,9.5,3.4,3.4,1.7,1.7,0
Iowa,2024,7.3,7.3,,1,121.6,121.6,121.6,4.5,4.5,4.5,22.6,22.6,22.6,56.2,56.2,60.8,60.8,75.9,75.9,15.4,15.4,10.6,1.4,1.4,1.3,1.3,0
Iowa St,2019,5.4,5.4,,1,111.9,111.9,111.9,4.7,4.7,4.7,26.9,26.9,26.9,57.1,57.1,61.1,61.1,79.9,79.9,12.2,12.2,17.6,0.8,0.8,1.7,1.7,1
Iowa St,2020,10.7,10.7,,1,120.1,120.1,120.1,5.6,5.6,5.6,21.5,21.5,21.5,61.1,61.1,63.1,63.1,62.8,62.8,35.3,35.3,20.1,2.0,2.0,3.8,3.8,0
Kansas,2019,9.7,9.7,,1,114.4,114.4,114.4,5.4,5.4,5.4,28.5,28.5,28.5,52.5,52.5,57.8,57.8,80.8,80.8,11.1,11.1,14.0,3.7,3.7,2.2,2.2,0
Kansas,2020,10.0,10.0,,1,114.1,114.1,114.1,5.8,5.8,5.8,26.3,26.3,26.3,51.1,51.1,57.4,57.4,84.2,84.2,23.3,23.3,15.9,0.3,0.3,3.6,3.6,0
Kansas,2022,8.1,8.1,,1,114.0,114.0,114.0,5.2,5.2,5.2,23.3,23.3,23.3,57.0,57.0,59.5,59.5,84.6,84.6,8.7,8.7,14.5,1.7,1.7,1.5,1.5,1
Kansas,2023,5.9,5.9,,1,106.2,106.2,106.2,4.7,4.7,4.7,28.2,28.2,28.2,49.0,49.0,54.0,54.0,87.8,87.8,12.5,12.5,13.4,1.4,1.4,1.5,1.5,0
Kansas St,2022,10.0,10.0,,1,117.0,117.0,117.0,5.2,5.2,5.2,23.8,23.8,23.8,57.8,57.8,60.3,60.3,76.8,76.8,16.3,16.3,11.2,0.4,0.4,2.4,2.4,0
Kansas St,2023,8.6,8.6,,1,111.0,111.0,111.0,5.2,5.2,5.2,27.6,27.6,27.6,48.1,48.1,56.0,56.0,90.7,90.7,42.9,42.9,20.4,0.2,0.2,3.9,3.9,1
Kentucky,2020,6.3,6.3,,1,117.9,117.9,117.9,4.6,4.6,4.6,22.2,22.2,22.2,51.1,51.1,59.5,59.5,78.9,78.9,11.7,11.7,12.8,0.5,0.5,1.6,1.6,0
Kentucky,2022,12.0,12.0,,1,124.2,124.2,124.2,5.9,5.9,5.9,24.8,24.8,24.8,60.4,60.4,62.5,62.5,79.2,79.2,6.1,6.1,14.2,5.4,5.4,3.2,3.2,0
Kentucky,2023,9.5,9.5,,1,122.6,122.6,122.6,5.6,5.6,5.6,24.5,24.5,24.5,56.0,56.0,60.3,60.3,78.3,78.3,9.4,9.4,14.8,3.3,3.3,2.9,2.9,1
Kentucky,2024,6.2,6.2,,1,126.5,126.5,126.5,5.2,5.2,5.2,23.6,23.6,23.6,60.3,60.3,64.0,64.0,77.8,77.8,9.2,9.2,8.9,0.8,0.8,1.1,1.1,1
LSU,2020,7.3,7.3,,1,120.5,120.5,120.5,5.1,5.1,5.1,21.7,21.7,21.7,56.4,56.4,62.2,62.2,85.4,85.4,17.0,17.0,17.1,0.7,0.7,2.9,2.9,1
LSU,2021,5.1,5.3,0.28,2,113.7,114.6,112.8,5.3,6.0,10.6,25.35,29.2,50.7,51.7,56.0,56.95,58.6,170.3,85.7,14.15,20.0,14.1,0.5,0.7,1.65,1.9,0
LSU,2023,7.2,7.2,,1,118.3,118.3,118.3,4.8,4.8,4.8,24.4,24.4,24.4,55.6,55.6,58.7,58.7,82.1,82.1,7.5,7.5,10.9,2.9,2.9,2.2,2.2,1
Liberty,2022,7.3,7.3,,1,108.9,108.9,108.9,5.3,5.3,5.3,36.8,36.8,36.8,55.4,55.4,59.0,59.0,86.8,86.8,27.7,27.7,15.6,0.6,0.6,2.0,2.0,1
Liberty,2023,11.0,11.0,,1,114.4,114.4,114.4,5.3,5.3,5.3,33.6,33.6,33.6,55.8,55.8,58.9,58.9,82.1,82.1,21.3,21.3,10.9,0.6,0.6,3.1,3.1,1
Louisiana Monroe,2019,8.0,8.0,,1,123.3,123.3,123.3,5.5,5.5,5.5,27.6,27.6,27.6,57.0,57.0,63.0,63.0,78.8,78.8,24.5,24.5,13.2,0.2,0.2,3.6,3.6,1
Louisville,2020,7.1,7.1,,1,111.2,111.2,111.2,4.6,4.6,4.6,26.0,26.0,26.0,52.8,52.8,56.9,56.9,82.2,82.2,8.4,8.4,14.5,0.9,0.9,1.3,1.3,0
Loyola Marymount,2023,8.1,8.1,,1,116.6,116.6,116.6,5.7,5.7,5.7,30.4,30.4,30.4,55.2,55.2,57.9,57.9,89.0,89.0,27.3,27.3,14.0,0.5,0.5,2.9,2.9,1
Marquette,2019,7.2,7.2,,1,110.7,110.7,110.7,5.8,5.8,5.8,36.2,36.2,36.2,52.0,52.0,59.0,59.0,82.8,82.8,27.3,27.3,18.4,0.1,0.1,1.8,1.8,0
Marquette,2020,10.2,10.2,,1,113.5,113.5,113.5,7.0,7.0,7.0,37.3,37.3,37.3,52.9,52.9,59.3,59.3,78.9,78.9,26.2,26.2,15.3,0.1,0.1,1.6,1.6,1
Marquette,2023,8.1,8.1,,1,117.8,117.8,117.8,4.7,4.7,4.7,24.2,24.2,24.2,53.9,53.9,57.9,57.9,79.7,79.7,39.5,39.5,18.5,0.5,0.5,3.2,3.2,0
Marquette,2024,8.9,9.2,0.42,2,118.5,118.6,118.4,4.9,5.3,9.8,26.0,26.6,52.0,58.25,60.2,60.7,61.4,139.0,70.2,29.4,42.1,14.8,0.4,0.6,2.55,2.8,1
Marshall,2021,3.4,3.4,,1,119.2,119.2,119.2,5.1,5.1,5.1,23.5,23.5,23.5,56.3,56.3,60.2,60.2,93.7,93.7,14.9,14.9,11.8,0.9,0.9,1.1,1.1,0
Marshall,2023,7.5,7.5,,1,122.3,122.3,122.3,5.6,5.6,5.6,26.3,26.3,26.3,56.4,56.4,59.9,59.9,94.1,94.1,26.6,26.6,12.1,1.3,1.3,2.4,2.4,1
Maryland,2020,8.8,10.8,2.83,2,116.75,120.1,113.4,5.05,5.1,10.1,23.85,25.1,47.7,52.95,59.0,59.0,62.6,165.0,86.9,17.65,29.2,14.7,4.4,8.3,1.45,1.6,1
Maryland,2024,9.7,9.7,,1,110.9,110.9,110.9,5.1,5.1,5.1,30.7,30.7,30.7,46.0,46.0,54.6,54.6,84.7,84.7,30.0,30.0,15.0,0.9,0.9,2.3,2.3,1
McNeese St,2020,6.3,6.3,,1,126.4,126.4,126.4,4.8,4.8,4.8,23.2,23.2,23.2,68.2,68.2,70.5,70.5,81.8,81.8,10.0,10.0,17.5,9.0,9.0,1.2,1.2,1
Memphis,2019,9.5,9.5,,1,114.8,114.8,114.8,4.8,4.8,4.8,26.1,26.1,26.1,51.8,51.8,57.7,57.7,85.2,85.2,24.4,24.4,15.6,2.1,2.1,3.4,3.4,1
Memphis,2023,8.15,9.1,1.34,2,113.5,115.9,111.1,5.05,5.4,10.1,29.1,31.4,58.2,51.9,56.5,57.2,59.3,160.9,84.2,24.6,30.0,15.4,2.1,3.6,2.85,3.1,2
Memphis,2024,8.0,8.0,,1,114.0,114.0,114.0,4.7,4.7,4.7,30.5,30.5,30.5,54.0,54.0,59.3,59.3,80.5,80.5,11.8,11.8,16.8,1.5,1.5,3.7,3.7,1
Miami FL,2023,6.9,6.9,,1,127.2,127.2,127.2,5.4,5.4,5.4,20.0,20.0,20.0,58.5,58.5,61.6,61.6,86.9,86.9,14.1,14.1,11.1,1.3,1.3,2.0,2.0,1
Michigan,2021,9.1,9.1,,1,121.9,121.9,121.9,4.6,4.6,4.6,18.9,18.9,18.9,57.0,57.0,60.5,60.5,64.6,64.6,11.6,11.6,11.3,2.3,2.3,1.1,1.1,1
Michigan,2022,9.9,9.9,,1,119.9,119.9,119.9,5.9,5.9,5.9,26.8,26.8,26.8,58.8,58.8,61.7,61.7,76.0,76.0,16.1,16.1,14.0,5.0,5.0,0.9,0.9,0
Michigan,2023,9.3,9.3,,1,116.4,116.4,116.4,5.0,5.0,5.0,27.1,27.1,27.1,58.7,58.7,61.4,61.4,80.0,80.0,10.5,10.5,13.6,5.4,5.4,0.9,0.9,0
Michigan St,2019,9.6,9.6,,1,120.0,120.0,120.0,6.6,6.6,6.6,29.5,29.5,29.5,54.0,54.0,59.1,59.1,83.3,83.3,44.8,44.8,17.5,0.3,0.3,1.8,1.8,0
Michigan St,2020,7.7,7.7,,1,112.2,112.2,112.2,5.3,5.3,5.3,29.1,29.1,29.1,53.6,53.6,58.5,58.5,78.9,78.9,36.3,36.3,19.5,0.1,0.1,2.1,2.1,1
Michigan St,2023,7.4,7.4,,1,121.4,121.4,121.4,4.7,4.7,4.7,19.5,19.5,19.5,59.7,59.7,63.6,63.6,83.9,83.9,10.6,10.6,13.6,0.7,0.7,0.7,0.7,1
Minnesota,2020,7.3,9.9,3.68,2,109.3,112.0,106.6,5.0,5.4,10.0,27.1,28.3,54.2,52.15,58.5,55.7,61.2,175.6,91.4,21.6,35.6,17.0,3.7,7.1,1.2,1.4,0
Minnesota,2021,6.3,6.3,,1,106.5,106.5,106.5,4.9,4.9,4.9,28.3,28.3,28.3,45.1,45.1,51.7,51.7,88.3,88.3,31.5,31.5,13.0,0.4,0.4,2.1,2.1,0
Minnesota,2022,7.6,7.6,,1,112.5,112.5,112.5,4.7,4.7,4.7,24.0,24.0,24.0,57.7,57.7,58.5,58.5,87.1,87.1,25.9,25.9,12.5,1.4,1.4,2.4,2.4,1
Mississippi St,2019,7.3,7.3,,1,116.3,116.3,116.3,5.1,5.1,5.1,25.8,25.8,25.8,57.4,57.4,62.2,62.2,84.5,84.5,16.6,16.6,19.3,1.1,1.1,2.9,2.9,1
Mississippi St,2020,7.5,7.5,,1,112.9,112.9,112.9,4.8,4.8,4.8,28.8,28.8,28.8,53.1,53.1,58.7,58.7,77.7,77.7,16.1,16.1,19.1,4.1,4.1,1.6,1.6,0
Mississippi St,2022,5.3,5.3,,1,110.7,110.7,110.7,4.7,4.7,4.7,26.6,26.6,26.6,48.3,48.3,55.3,55.3,84.2,84.2,23.5,23.5,15.5,1.3,1.3,2.1,2.1,0
Missouri,2023,8.1,8.1,,1,125.6,125.6,125.6,5.0,5.0,5.0,23.5,23.5,23.5,62.5,62.5,65.5,65.5,71.2,71.2,16.7,16.7,13.6,1.9,1.9,2.8,2.8,1
Missouri St,2021,8.3,8.3,,1,117.7,117.7,117.7,5.0,5.0,5.0,29.6,29.6,29.6,58.7,58.7,61.9,61.9,75.1,75.1,22.1,22.1,16.5,4.5,4.5,2.3,2.3,1
Missouri St,2022,5.9,6.0,0.14,2,115.4,116.9,113.9,4.75,4.9,9.5,29.8,30.8,59.6,56.9,57.1,61.45,61.9,153.5,79.5,13.75,15.8,16.25,2.5,4.5,1.95,2.2,1
Morehead St,2024,8.1,8.1,,1,122.7,122.7,122.7,5.2,5.2,5.2,28.1,28.1,28.1,60.4,60.4,64.0,64.0,87.3,87.3,14.4,14.4,15.3,3.1,3.1,2.1,2.1,1
Murray St,2019,10.0,10.0,,1,115.6,115.6,115.6,6.4,6.4,6.4,36.0,36.0,36.0,54.7,54.7,60.8,60.8,93.5,93.5,51.4,51.4,22.0,2.2,2.2,2.4,2.4,0
NC State,2022,5.3,5.3,,1,111.4,111.4,111.4,4.7,4.7,4.7,26.3,26.3,26.3,50.6,50.6,55.3,55.3,87.8,87.8,19.1,19.1,14.8,0.3,0.3,2.3,2.3,0
Nebraska Omaha,2024,5.5,5.5,,1,120.5,120.5,120.5,4.8,4.8,4.8,26.9,26.9,26.9,52.1,52.1,60.4,60.4,92.4,92.4,15.6,15.6,10.3,1.4,1.4,1.9,1.9,0
Nevada,2020,7.0,7.0,,1,111.0,111.0,111.0,5.0,5.0,5.0,31.8,31.8,31.8,51.3,51.3,56.1,56.1,79.6,79.6,26.5,26.5,12.8,0.5,0.5,1.9,1.9,0
Nevada,2021,6.1,6.1,,1,110.1,110.1,110.1,4.9,4.9,4.9,28.9,28.9,28.9,49.4,49.4,56.3,56.3,87.0,87.0,38.8,38.8,16.5,0.0,0.0,2.6,2.6,0
North Carolina,2019,12.1,12.1,,1,128.9,128.9,128.9,5.3,5.3,5.3,20.7,20.7,20.7,62.0,62.0,64.7,64.7,74.6,74.6,13.8,13.8,12.8,1.1,1.1,2.1,2.1,1
North Carolina,2022,8.2,8.2,,1,117.9,117.9,117.9,5.0,5.0,5.0,25.0,25.0,25.0,57.0,57.0,59.6,59.6,78.3,78.3,9.9,9.9,14.3,5.2,5.2,1.5,1.5,0
North Carolina,2024,9.7,9.7,,1,120.8,120.8,120.8,5.8,5.8,5.8,26.1,26.1,26.1,52.1,52.1,56.9,56.9,86.7,86.7,20.0,20.0,9.2,0.6,0.6,2.0,2.0,1
North Florida,2020,3.1,3.1,,1,121.2,121.2,121.2,4.6,4.6,4.6,23.2,23.2,23.2,55.1,55.1,59.7,59.7,83.8,83.8,37.1,37.1,17.8,0.1,0.1,1.8,1.8,1
North Texas,2020,5.0,5.0,,1,120.3,120.3,120.3,5.2,5.2,5.2,27.5,27.5,27.5,53.9,53.9,60.8,60.8,76.6,76.6,34.9,34.9,17.1,0.1,0.1,1.4,1.4,0
North Texas,2023,10.1,10.1,,1,124.3,124.3,124.3,5.5,5.5,5.5,24.4,24.4,24.4,57.2,57.2,63.3,63.3,82.6,82.6,12.6,12.6,13.7,0.2,0.2,2.7,2.7,1
Northeastern,2020,5.8,5.8,,1,118.1,118.1,118.1,5.1,5.1,5.1,27.5,27.5,27.5,57.4,57.4,61.6,61.6,90.1,90.1,11.3,11.3,10.8,0.8,0.8,2.6,2.6,1
Northern Colorado,2019,5.5,5.5,,1,111.0,111.0,111.0,4.7,4.7,4.7,35.6,35.6,35.6,51.9,51.9,57.4,57.4,85.8,85.8,33.5,33.5,16.4,1.0,1.0,2.4,2.4,1
Northern Colorado,2020,7.3,7.3,,1,118.7,118.7,118.7,5.3,5.3,5.3,25.7,25.7,25.7,55.9,55.9,58.6,58.6,95.0,95.0,35.1,35.1,16.4,0.6,0.6,2.3,2.3,1
Northern Colorado,2022,1.9,1.9,,1,114.0,114.0,114.0,4.6,4.6,4.6,29.0,29.0,29.0,57.1,57.1,60.9,60.9,86.1,86.1,16.7,16.7,13.8,0.9,0.9,1.4,1.4,1
Northern Illinois,2019,7.7,7.7,,1,114.0,114.0,114.0,4.8,4.8,4.8,29.9,29.9,29.9,58.2,58.2,59.9,59.9,75.8,75.8,19.0,19.0,14.4,0.6,0.6,2.3,2.3,0
Northern Iowa,2022,3.6,3.6,,1,110.4,110.4,110.4,4.6,4.6,4.6,26.2,26.2,26.2,52.0,52.0,58.5,58.5,87.6,87.6,14.2,14.2,13.4,0.1,0.1,1.4,1.4,0
Northwestern,2024,6.3,6.3,,1,114.4,114.4,114.4,5.2,5.2,5.2,27.8,27.8,27.8,52.9,52.9,57.5,57.5,90.6,90.6,28.7,28.7,13.7,0.2,0.2,2.4,2.4,1
Ohio St,2021,7.5,7.5,,1,114.2,114.2,114.2,4.9,4.9,4.9,27.3,27.3,27.3,51.5,51.5,56.7,56.7,68.0,68.0,13.0,13.0,11.9,4.1,4.1,1.3,1.3,0
Ohio St,2022,10.4,10.4,,1,116.2,116.2,116.2,6.0,6.0,6.0,30.5,30.5,30.5,54.6,54.6,59.8,59.8,82.4,82.4,16.1,16.1,15.1,8.2,8.2,1.0,1.0,0
Ohio St,2024,7.1,7.1,,1,121.3,121.3,121.3,4.9,4.9,4.9,23.2,23.2,23.2,49.5,49.5,55.4,55.4,81.0,81.0,27.6,27.6,9.1,0.2,0.2,2.1,2.1,0
Oklahoma,2021,6.4,6.4,,1,110.9,110.9,110.9,5.1,5.1,5.1,28.4,28.4,28.4,49.4,49.4,57.9,57.9,78.7,78.7,27.0,27.0,17.7,1.0,1.0,1.5,1.5,1
Oral Roberts,2021,6.5,6.5,,1,121.8,121.8,121.8,6.6,6.6,6.6,28.9,28.9,28.9,58.1,58.1,63.0,63.0,95.8,95.8,22.3,22.3,12.3,0.4,0.4,2.1,2.1,0
Oral Roberts,2022,2.0,2.0,,1,112.5,112.5,112.5,4.6,4.6,4.6,29.4,29.4,29.4,51.5,51.5,55.6,55.6,93.5,93.5,18.6,18.6,12.3,0.3,0.3,1.4,1.4,0
Oral Roberts,2023,5.4,5.4,,1,120.3,120.3,120.3,5.2,5.2,5.2,27.5,27.5,27.5,54.5,54.5,60.2,60.2,91.1,91.1,19.8,19.8,11.3,0.6,0.6,1.8,1.8,1
Oregon,2020,10.0,10.0,,1,120.6,120.6,120.6,6.9,6.9,6.9,28.4,28.4,28.4,56.3,56.3,60.1,60.1,88.8,88.8,31.6,31.6,16.0,0.1,0.1,2.5,2.5,1
Oregon,2021,8.8,10.4,2.26,2,115.75,120.2,111.3,5.1,5.4,10.2,25.75,29.0,51.5,58.2,63.3,61.25,65.7,155.5,79.1,14.95,15.0,16.45,2.5,2.8,3.1,3.3,2
Oregon,2024,11.7,11.7,,1,120.1,120.1,120.1,4.9,4.9,4.9,24.2,24.2,24.2,69.5,69.5,68.6,68.6,47.5,47.5,11.2,11.2,18.2,6.6,6.6,3.2,3.2,1
Oregon St,2019,8.2,8.2,,1,113.2,113.2,113.2,5.3,5.3,5.3,29.2,29.2,29.2,54.3,54.3,58.6,58.6,87.4,87.4,23.8,23.8,16.6,1.7,1.7,2.8,2.8,0
Oregon St,2020,7.0,7.0,,1,109.4,109.4,109.4,4.7,4.7,4.7,28.3,28.3,28.3,50.0,50.0,55.9,55.9,86.2,86.2,20.7,20.7,13.8,1.7,1.7,3.0,3.0,1
Penn,2023,5.7,5.7,,1,112.7,112.7,112.7,4.8,4.8,4.8,32.2,32.2,32.2,54.6,54.6,59.7,59.7,79.6,79.6,15.7,15.7,15.2,0.5,0.5,1.9,1.9,0
Penn St,2023,10.0,10.0,,1,118.7,118.7,118.7,6.6,6.6,6.6,29.3,29.3,29.3,55.2,55.2,57.6,57.6,89.8,89.8,39.3,39.3,13.2,1.6,1.6,1.6,1.6,1
Pepperdine,2019,3.4,3.4,,1,110.7,110.7,110.7,4.8,4.8,4.8,31.0,31.0,31.0,52.0,52.0,61.1,61.1,87.4,87.4,42.2,42.2,22.8,0.5,0.5,1.8,1.8,0
Pepperdine,2020,2.8,2.8,,1,104.1,104.1,104.1,4.6,4.6,4.6,31.5,31.5,31.5,47.5,47.5,54.4,54.4,92.3,92.3,40.0,40.0,20.7,0.5,0.5,1.6,1.6,0
Pittsburgh,2021,7.5,7.5,,1,115.0,115.0,115.0,4.8,4.8,4.8,24.6,24.6,24.6,51.6,51.6,54.9,54.9,78.1,78.1,10.4,10.4,10.3,4.3,4.3,2.0,2.0,0
Portland St,2023,5.7,5.7,,1,122.4,122.4,122.4,5.1,5.1,5.1,24.9,24.9,24.9,55.1,55.1,64.0,64.0,85.1,85.1,35.9,35.9,15.7,0.2,0.2,1.8,1.8,1
Princeton,2024,7.05,7.5,0.64,2,119.8,123.2,116.4,4.9,5.2,9.8,27.3,28.9,54.6,55.5,59.0,59.45,62.4,168.7,86.8,22.45,24.7,11.4,1.75,1.8,2.15,2.3,0
Providence,2021,6.0,6.0,,1,118.5,118.5,118.5,4.8,4.8,4.8,22.9,22.9,22.9,60.2,60.2,61.2,61.2,79.2,79.2,5.0,5.0,10.1,3.2,3.2,0.6,0.6,1
Providence,2024,11.4,11.4,,1,112.7,112.7,112.7,4.9,4.9,4.9,27.8,27.8,27.8,56.4,56.4,59.8,59.8,82.3,82.3,23.3,23.3,16.1,2.8,2.8,2.9,2.9,0
Purdue,2019,7.5,7.5,,1,108.0,108.0,108.0,6.0,6.0,6.0,34.8,34.8,34.8,49.0,49.0,54.1,54.1,87.3,87.3,18.3,18.3,15.5,1.0,1.0,2.3,2.3,0
Purdue,2023,14.3,14.3,,1,125.9,125.9,125.9,7.2,7.2,7.2,32.6,32.6,32.6,60.7,60.7,63.9,63.9,76.7,76.7,13.4,13.4,13.8,7.2,7.2,0.5,0.5,0
Purdue,2024,15.5,15.5,,1,128.8,128.8,128.8,7.9,7.9,7.9,33.4,33.4,33.4,62.4,62.4,65.9,65.9,79.2,79.2,14.6,14.6,12.7,6.9,6.9,0.5,0.5,1
Purdue Fort Wayne,2019,8.2,8.2,,1,119.9,119.9,119.9,5.0,5.0,5.0,28.3,28.3,28.3,59.1,59.1,62.3,62.3,86.8,86.8,30.0,30.0,16.6,3.0,3.0,3.3,3.3,1
Quinnipiac,2019,5.4,5.4,,1,116.8,116.8,116.8,4.7,4.7,4.7,29.2,29.2,29.2,59.4,59.4,63.6,63.6,87.7,87.7,13.6,13.6,16.2,0.9,0.9,1.9,1.9,1
Radford,2020,8.4,8.4,,1,119.9,119.9,119.9,5.4,5.4,5.4,31.4,31.4,31.4,53.1,53.1,58.9,58.9,83.9,83.9,36.1,36.1,13.5,0.7,0.7,2.3,2.3,0
Rice,2023,6.2,6.2,,1,129.0,129.0,129.0,4.6,4.6,4.6,19.7,19.7,19.7,73.2,73.2,72.0,72.0,77.2,77.2,32.5,32.5,22.7,3.7,3.7,1.4,1.4,0
SMU,2019,4.6,4.6,,1,117.0,117.0,117.0,4.7,4.7,4.7,25.2,25.2,25.2,55.9,55.9,58.3,58.3,81.7,81.7,17.7,17.7,12.7,0.4,0.4,1.3,1.3,1
SMU,2020,4.0,4.0,,1,116.5,116.5,116.5,5.0,5.0,5.0,23.9,23.9,23.9,49.8,49.8,55.7,55.7,73.9,73.9,39.2,39.2,17.9,0.4,0.4,2.0,2.0,0
SMU,2021,9.7,9.7,,1,121.6,121.6,121.6,6.5,6.5,6.5,27.6,27.6,27.6,53.4,53.4,58.3,58.3,86.8,86.8,46.2,46.2,14.1,0.2,0.2,2.6,2.6,0
SMU,2022,7.0,7.0,,1,115.8,115.8,115.8,5.4,5.4,5.4,27.6,27.6,27.6,53.1,53.1,60.3,60.3,83.5,83.5,28.0,28.0,16.3,0.3,0.3,2.6,2.6,1
Saint Francis,2023,5.0,5.0,,1,118.4,118.4,118.4,4.9,4.9,4.9,29.9,29.9,29.9,58.5,58.5,60.5,60.5,86.4,86.4,17.4,17.4,10.5,2.7,2.7,1.5,1.5,0
Saint Mary's,2019,7.5,7.5,,1,119.9,119.9,119.9,6.0,6.0,6.0,27.5,27.5,27.5,55.7,55.7,59.5,59.5,91.9,91.9,14.9,14.9,11.7,0.1,0.1,2.1,2.1,0
Saint Mary's,2020,7.4,7.4,,1,119.3,119.3,119.3,6.2,6.2,6.2,27.0,27.0,27.0,56.1,56.1,59.6,59.6,93.4,93.4,13.8,13.8,9.0,0.1,0.1,2.2,2.2,1
San Diego St,2020,10.9,10.9,,1,121.5,121.5,121.5,5.6,5.6,5.6,27.1,27.1,27.1,53.2,53.2,58.3,58.3,84.8,84.8,30.2,30.2,11.7,0.4,0.4,3.1,3.1,0
San Diego St,2021,9.7,9.7,,1,130.9,130.9,130.9,4.7,4.7,4.7,18.7,18.7,18.7,62.2,62.2,65.3,65.3,73.4,73.4,6.8,6.8,8.0,0.7,0.7,2.0,2.0,1
San Diego St,2024,10.1,10.1,,1,119.7,119.7,119.7,5.9,5.9,5.9,30.5,30.5,30.5,57.6,57.6,62.3,62.3,79.3,79.3,10.2,10.2,13.9,1.9,1.9,2.2,2.2,1
San Francisco,2024,10.5,10.5,,1,128.0,128.0,128.0,4.6,4.6,4.6,24.5,24.5,24.5,62.5,62.5,63.9,63.9,72.9,72.9,24.3,24.3,14.7,3.4,3.4,3.2,3.2,0
San Jose St,2023,6.1,6.1,,1,110.0,110.0,110.0,4.7,4.7,4.7,28.1,28.1,28.1,49.2,49.2,52.5,52.5,91.1,91.1,30.6,30.6,16.1,2.1,2.1,1.3,1.3,0
Santa Clara,2022,5.5,5.5,,1,116.1,116.1,116.1,5.1,5.1,5.1,24.9,24.9,24.9,56.2,56.2,60.1,60.1,86.7,86.7,22.7,22.7,13.6,1.5,1.5,1.9,1.9,0
Santa Clara,2023,10.0,10.0,,1,120.5,120.5,120.5,5.4,5.4,5.4,25.5,25.5,25.5,57.6,57.6,60.8,60.8,86.2,86.2,20.8,20.8,14.0,1.3,1.3,2.8,2.8,0
Seton Hall,2019,9.5,9.5,,1,112.0,112.0,112.0,5.2,5.2,5.2,29.5,29.5,29.5,54.2,54.2,59.2,59.2,88.9,88.9,18.4,18.4,15.8,0.6,0.6,3.2,3.2,0
South Dakota St,2019,6.5,6.5,,1,120.8,120.8,120.8,5.6,5.6,5.6,32.3,32.3,32.3,57.4,57.4,62.3,62.3,83.7,83.7,11.0,11.0,11.4,3.6,3.6,1.2,1.2,1
Southern Illinois,2024,6.3,6.3,,1,112.2,112.2,112.2,5.5,5.5,5.5,34.1,34.1,34.1,48.7,48.7,57.3,57.3,91.3,91.3,39.4,39.4,16.7,0.7,0.7,2.5,2.5,1
St John's,2019,9.0,9.0,,1,116.8,116.8,116.8,5.3,5.3,5.3,27.6,27.6,27.6,52.2,52.2,57.7,57.7,84.3,84.3,29.0,29.0,11.3,0.9,0.9,4.1,4.1,0
St John's,2024,8.3,8.3,,1,128.5,128.5,128.5,4.8,4.8,4.8,21.6,21.6,21.6,58.9,58.9,62.0,62.0,70.5,70.5,9.3,9.3,11.4,6.6,6.6,0.4,0.4,1
Stanford,2021,8.9,8.9,,1,116.3,116.3,116.3,5.3,5.3,5.3,27.1,27.1,27.1,59.4,59.4,64.0,64.0,70.4,70.4,18.0,18.0,16.7,3.7,3.7,1.6,1.6,1
Syracuse,2020,6.7,6.7,,1,110.5,110.5,110.5,4.7,4.7,4.7,25.5,25.5,25.5,51.1,51.1,56.1,56.1,91.1,91.1,20.1,20.1,14.2,2.9,2.9,1.8,1.8,0
Syracuse,2021,4.2,4.2,,1,111.8,111.8,111.8,4.6,4.6,4.6,22.7,22.7,22.7,53.5,53.5,55.8,55.8,80.4,80.4,14.9,14.9,11.3,0.1,0.1,2.1,2.1,0
Syracuse,2022,3.9,3.9,,1,110.0,110.0,110.0,4.7,4.7,4.7,25.0,25.0,25.0,49.0,49.0,53.1,53.1,90.1,90.1,16.0,16.0,10.8,0.3,0.3,2.3,2.3,1
TCU,2020,8.9,8.9,,1,112.2,112.2,112.2,5.0,5.0,5.0,23.5,23.5,23.5,54.9,54.9,56.5,56.5,89.6,89.6,26.0,26.0,16.7,1.6,1.6,2.4,2.4,1
TCU,2024,6.4,6.4,,1,121.1,121.1,121.1,4.5,4.5,4.5,21.8,21.8,21.8,52.6,52.6,57.9,57.9,80.4,80.4,14.7,14.7,11.9,1.4,1.4,1.9,1.9,1
Tarleton St,2021,4.0,4.0,,1,121.8,121.8,121.8,4.6,4.6,4.6,20.6,20.6,20.6,61.0,61.0,64.9,64.9,89.8,89.8,15.9,15.9,10.9,0.0,0.0,1.5,1.5,0
Temple,2019,6.2,6.2,,1,111.0,111.0,111.0,4.7,4.7,4.7,27.2,27.2,27.2,50.2,50.2,55.8,55.8,90.6,90.6,28.4,28.4,14.5,0.5,0.5,2.3,2.3,1
Tennessee,2019,11.8,11.8,,1,124.5,124.5,124.5,6.1,6.1,6.1,27.0,27.0,27.0,58.3,58.3,64.7,64.7,78.6,78.6,18.3,18.3,15.2,5.3,5.3,2.0,2.0,0
Tennessee,2024,9.9,9.9,,1,114.5,114.5,114.5,4.8,4.8,4.8,29.8,29.8,29.8,53.8,53.8,57.7,57.7,76.6,76.6,13.4,13.4,10.6,2.4,2.4,1.3,1.3,1
Tennessee Martin,2020,-0.9,-0.9,,1,120.4,120.4,120.4,5.0,5.0,5.0,26.5,26.5,26.5,58.2,58.2,62.7,62.7,85.0,85.0,6.2,6.2,14.3,1.0,1.0,0.7,0.7,1
Texas A&M,2024,6.6,6.6,,1,109.8,109.8,109.8,4.5,4.5,4.5,29.8,29.8,29.8,45.0,45.0,50.9,50.9,81.7,81.7,26.7,26.7,16.9,0.1,0.1,3.3,3.3,0
Texas Tech,2019,10.5,10.5,,1,106.9,106.9,106.9,4.7,4.7,4.7,32.2,32.2,32.2,50.5,50.5,54.2,54.2,80.6,80.6,25.9,25.9,15.5,2.2,2.2,2.7,2.7,0
Toledo,2020,4.4,4.4,,1,110.3,110.3,110.3,4.6,4.6,4.6,29.6,29.6,29.6,51.6,51.6,56.7,56.7,88.4,88.4,33.2,33.2,16.8,0.0,0.0,2.3,2.3,0
Toledo,2022,7.3,7.3,,1,135.8,135.8,135.8,4.9,4.9,4.9,18.4,18.4,18.4,65.1,65.1,67.7,67.7,80.3,80.3,10.1,10.1,9.9,4.3,4.3,1.1,1.1,0
Toledo,2023,5.05,5.2,0.21,2,127.35,135.2,119.5,4.9,5.0,9.8,24.85,28.6,49.7,57.35,61.6,60.8,65.6,158.4,84.9,19.75,31.6,9.4,2.25,3.9,1.75,2.4,1
Troy,2019,5.8,5.8,,1,116.3,116.3,116.3,5.0,5.0,5.0,29.1,29.1,29.1,59.6,59.6,63.4,63.4,56.4,56.4,17.3,17.3,16.4,3.8,3.8,0.9,0.9,1
Tulsa,2024,6.4,6.4,,1,114.3,114.3,114.3,4.6,4.6,4.6,30.3,30.3,30.3,51.4,51.4,59.3,59.3,83.8,83.8,26.3,26.3,13.9,0.1,0.1,3.2,3.2,0
UAB,2022,5.1,5.1,,1,108.6,108.6,108.6,4.7,4.7,4.7,33.4,33.4,33.4,50.8,50.8,55.7,55.7,79.5,79.5,29.9,29.9,19.6,0.1,0.1,2.5,2.5,0
UAB,2023,7.7,7.7,,1,114.8,114.8,114.8,5.0,5.0,5.0,30.4,30.4,30.4,52.2,52.2,56.5,56.5,70.5,70.5,26.3,26.3,15.3,0.0,0.0,2.1,2.1,1
UC Santa Barbara,2021,8.5,8.5,,1,120.9,120.9,120.9,4.9,4.9,4.9,25.5,25.5,25.5,55.6,55.6,61.0,61.0,81.6,81.6,32.6,32.6,14.6,0.5,0.5,2.8,2.8,1
UC Santa Barbara,2023,4.8,4.8,,1,117.3,117.3,117.3,4.7,4.7,4.7,26.2,26.2,26.2,53.6,53.6,59.8,59.8,86.6,86.6,29.7,29.7,14.6,0.9,0.9,2.3,2.3,0
UCLA,2023,9.5,9.5,,1,113.1,113.1,113.1,4.8,4.8,4.8,27.2,27.2,27.2,51.1,51.1,54.3,54.3,83.1,83.1,14.6,14.6,11.9,2.2,2.2,2.8,2.8,1
UNC Asheville,2024,10.5,10.5,,1,116.8,116.8,116.8,4.8,4.8,4.8,32.2,32.2,32.2,53.5,53.5,61.9,61.9,76.2,76.2,24.9,24.9,16.1,6.0,6.0,1.6,1.6,1
UNC Greensboro,2024,5.1,5.1,,1,121.6,121.6,121.6,4.5,4.5,4.5,29.5,29.5,29.5,57.7,57.7,63.2,63.2,64.2,64.2,8.7,8.7,12.2,3.6,3.6,1.3,1.3,1
UNLV,2022,7.5,7.5,,1,106.2,106.2,106.2,5.0,5.0,5.0,33.6,33.6,33.6,50.2,50.2,54.0,54.0,82.5,82.5,18.4,18.4,10.8,0.4,0.4,1.5,1.5,1
USC,2020,10.9,10.9,,1,119.1,119.1,119.1,4.6,4.6,4.6,23.4,23.4,23.4,61.9,61.9,64.6,64.6,68.4,68.4,8.4,8.4,15.9,9.8,9.8,2.3,2.3,0
USC,2021,12.6,12.6,,1,119.4,119.4,119.4,5.4,5.4,5.4,23.4,23.4,23.4,59.5,59.5,62.4,62.4,83.6,83.6,14.1,14.1,16.6,8.7,8.7,1.4,1.4,0
USC,2023,6.3,6.3,,1,113.3,113.3,113.3,4.7,4.7,4.7,25.6,25.6,25.6,52.9,52.9,57.3,57.3,82.4,82.4,19.8,19.8,12.9,0.7,0.7,2.5,2.5,1
UTSA,2020,6.1,6.1,,1,106.1,106.1,106.1,5.2,5.2,5.2,35.7,35.7,35.7,49.8,49.8,54.2,54.2,86.4,86.4,17.3,17.3,12.5,0.7,0.7,2.3,2.3,0
Utah St,2019,7.2,7.2,,1,123.2,123.2,123.2,5.4,5.4,5.4,25.3,25.3,25.3,54.1,54.1,60.9,60.9,88.4,88.4,23.6,23.6,12.3,0.8,0.8,1.6,1.6,0
Utah St,2020,9.2,9.2,,1,125.9,125.9,125.9,5.8,5.8,5.8,24.1,24.1,24.1,56.6,56.6,62.5,62.5,86.3,86.3,24.0,24.0,10.9,0.4,0.4,1.5,1.5,1
Utah St,2022,9.3,9.3,,1,118.2,118.2,118.2,5.1,5.1,5.1,23.5,23.5,23.5,58.7,58.7,61.5,61.5,87.9,87.9,15.4,15.4,13.8,1.6,1.6,2.7,2.7,1
Utah St,2023,8.4,8.4,,1,127.8,127.8,127.8,5.6,5.6,5.6,21.8,21.8,21.8,60.4,60.4,65.3,65.3,82.9,82.9,26.1,26.1,13.7,0.1,0.1,2.1,2.1,0
VMI,2022,9.4,9.4,,1,124.5,124.5,124.5,5.8,5.8,5.8,26.3,26.3,26.3,65.4,65.4,68.4,68.4,80.8,80.8,21.8,21.8,16.7,6.9,6.9,0.9,0.9,1
Vanderbilt,2021,6.8,6.8,,1,108.8,108.8,108.8,5.5,5.5,5.5,35.1,35.1,35.1,49.5,49.5,57.5,57.5,70.1,70.1,36.8,36.8,19.6,0.6,0.6,3.2,3.2,0
Vanderbilt,2022,7.3,7.3,,1,104.9,104.9,104.9,5.0,5.0,5.0,34.4,34.4,34.4,47.6,47.6,54.1,54.1,82.1,82.1,32.6,32.6,17.1,0.6,0.6,3.4,3.4,0
Vermont,2019,12.0,12.0,,1,117.4,117.4,117.4,5.1,5.1,5.1,32.6,32.6,32.6,56.8,56.8,60.5,60.5,74.6,74.6,19.4,19.4,12.7,7.3,7.3,1.7,1.7,0
Villanova,2019,5.5,5.5,,1,112.5,112.5,112.5,4.9,4.9,4.9,27.4,27.4,27.4,52.9,52.9,56.7,56.7,86.9,86.9,24.9,24.9,14.8,0.7,0.7,1.5,1.5,1
Villanova,2020,7.3,7.3,,1,119.0,119.0,119.0,5.1,5.1,5.1,22.0,22.0,22.0,58.4,58.4,60.8,60.8,84.4,84.4,14.9,14.9,11.8,1.1,1.1,1.4,1.4,0
Villanova,2021,6.93,7.5,0.51,3,119.3,124.9,114.1,5.0,5.1,15.0,22.4,24.1,67.2,53.47,54.4,57.87,60.2,225.1,85.8,18.83,26.6,11.93,1.17,2.3,1.53,1.7,2
Villanova,2022,8.1,8.1,,1,122.6,122.6,122.6,5.7,5.7,5.7,22.4,22.4,22.4,56.5,56.5,60.9,60.9,85.4,85.4,20.2,20.2,13.7,0.0,0.0,1.9,1.9,1
Villanova,2023,6.0,6.0,,1,116.3,116.3,116.3,4.7,4.7,4.7,25.6,25.6,25.6,54.7,54.7,58.6,58.6,78.8,78.8,10.5,10.5,11.2,2.4,2.4,1.0,1.0,0
Villanova,2024,8.3,8.3,,1,114.4,114.4,114.4,4.5,4.5,4.5,28.4,28.4,28.4,53.1,53.1,58.5,58.5,74.7,74.7,13.4,13.4,12.7,2.0,2.0,1.7,1.7,1
Virginia,2019,9.53,10.3,0.71,3,120.8,122.9,119.1,5.33,5.5,16.0,22.93,24.1,68.8,56.53,58.5,59.4,61.8,249.8,87.6,19.17,32.6,12.43,0.9,2.4,1.83,3.0,0
Virginia,2021,9.1,9.1,,1,123.6,123.6,123.6,5.4,5.4,5.4,22.2,22.2,22.2,61.1,61.1,63.5,63.5,85.2,85.2,11.6,11.6,9.0,1.4,1.4,1.1,1.1,1
Virginia Tech,2019,7.2,7.2,,1,118.8,118.8,118.8,5.0,5.0,5.0,27.4,27.4,27.4,53.7,53.7,58.3,58.3,74.4,74.4,17.3,17.3,13.7,4.1,4.1,1.4,1.4,0
Virginia Tech,2022,8.1,8.1,,1,117.0,117.0,117.0,4.9,4.9,4.9,26.4,26.4,26.4,56.8,56.8,60.2,60.2,76.7,76.7,13.9,13.9,14.0,3.5,3.5,1.5,1.5,1
Wake Forest,2023,5.3,5.3,,1,112.0,112.0,112.0,5.0,5.0,5.0,28.7,28.7,28.7,51.5,51.5,58.0,58.0,91.1,91.1,34.6,34.6,18.6,0.2,0.2,2.7,2.7,1
Wake Forest,2024,6.3,6.3,,1,115.7,115.7,115.7,4.7,4.7,4.7,23.9,23.9,23.9,56.8,56.8,59.6,59.6,85.5,85.5,14.1,14.1,12.9,1.7,1.7,1.8,1.8,0
Washington,2020,6.6,6.6,,1,115.7,115.7,115.7,4.8,4.8,4.8,24.2,24.2,24.2,57.7,57.7,62.9,62.9,80.2,80.2,6.3,6.3,16.1,7.0,7.0,0.9,0.9,0
Washington,2022,8.2,8.2,,1,107.5,107.5,107.5,5.2,5.2,5.2,31.8,31.8,31.8,46.2,46.2,51.6,51.6,89.3,89.3,30.0,30.0,11.9,1.5,1.5,3.4,3.4,1
Washington,2024,5.6,5.6,,1,115.1,115.1,115.1,4.9,4.9,4.9,26.1,26.1,26.1,54.3,54.3,59.4,59.4,86.1,86.1,7.7,7.7,11.6,2.1,2.1,1.1,1.1,1
Weber St,2024,7.6,7.6,,1,113.3,113.3,113.3,4.9,4.9,4.9,31.2,31.2,31.2,52.0,52.0,58.6,58.6,93.3,93.3,31.3,31.3,16.1,0.3,0.3,3.1,3.1,0
West Virginia,2021,8.8,8.8,,1,117.9,117.9,117.9,5.3,5.3,5.3,23.0,23.0,23.0,49.3,49.3,54.3,54.3,84.3,84.3,28.6,28.6,13.2,1.0,1.0,3.2,3.2,0
Wichita St,2021,5.8,5.8,,1,114.7,114.7,114.7,4.7,4.7,4.7,22.5,22.5,22.5,49.6,49.6,54.6,54.6,86.4,86.4,14.8,14.8,7.8,0.3,0.3,1.6,1.6,0
William & Mary,2019,7.9,7.9,,1,117.8,117.8,117.8,4.8,4.8,4.8,33.0,33.0,33.0,58.9,58.9,62.5,62.5,75.4,75.4,28.6,28.6,15.2,7.4,7.4,0.8,0.8,0
William & Mary,2020,7.7,7.7,,1,114.0,114.0,114.0,4.8,4.8,4.8,34.4,34.4,34.4,55.6,55.6,60.9,60.9,74.8,74.8,14.6,14.6,14.8,5.2,5.2,1.4,1.4,1
Wofford,2019,7.7,7.7,,1,124.0,124.0,124.0,5.1,5.1,5.1,25.7,25.7,25.7,57.4,57.4,61.3,61.3,80.1,80.1,9.9,9.9,10.5,0.2,0.2,1.3,1.3,1
Wyoming,2022,4.9,4.9,,1,108.5,108.5,108.5,5.2,5.2,5.2,30.8,30.8,30.8,52.0,52.0,56.6,56.6,91.9,91.9,38.6,38.6,19.6,0.4,0.4,1.9,1.9,1
Xavier,2022,9.5,9.5,,1,127.0,127.0,127.0,4.6,4.6,4.6,21.6,21.6,21.6,60.5,60.5,63.3,63.3,65.4,65.4,8.8,8.8,9.0,5.6,5.6,1.6,1.6,0
Xavier,2023,5.3,5.3,,1,119.2,119.2,119.2,4.9,4.9,4.9,21.1,21.1,21.1,53.2,53.2,59.6,59.6,87.9,87.9,20.0,20.0,14.1,0.4,0.4,1.6,1.6,1
Xavier,2024,7.9,7.9,,1,117.1,117.1,117.1,4.8,4.8,4.8,24.6,24.6,24.6,53.9,53.9,58.9,58.9,80.6,80.6,13.2,13.2,11.0,0.2,0.2,2.3,2.3,1
Yale,2020,7.0,7.0,,1,119.6,119.6,119.6,4.6,4.6,4.6,24.5,24.5,24.5,63.3,63.3,65.1,65.1,79.7,79.7,10.1,10.1,14.6,2.8,2.8,2.1,2.1,0
