Rk,Class Year,Height,Player,Team,Conf,Min%,PRPG!,BPM,ORtg,Usg,eFG,TS,OR,DR,Ast,TO,Blk,Stl,FTR,2P,2-point field goal percentage,3P/100,3P,3-point field goal percentage,Year
1,Fr,'6-7',Zion Williamson,Duke,ACC,64.9,6.8,18.7,129.2,28.2,70.8,70.2,12.8,18,15,15.2,5.8,3.9,46.7,272-364,0.747,3.9,'24-71',0.338,2019
2,Jr,'6-1',Cassius Winston,Michigan St.,B10,83.3,6.6,9.6,120,29.5,54,59.1,1.3,7.9,44.8,17.5,0.3,1.8,36.7,159-317,0.502,9.5,'84-211',0.398,2019
3,Sr,'5-9',Chris Clemons,Campbell,BSth,93.9,6.5,8,115.6,37.4,53.6,59.9,2.5,14,19.4,10.8,1,2.5,42.5,149-266,0.56,19.4,'128-370',0.346,2019
4,So,'6-3',Ja Morant,Murray St.,OVC,93.5,6.4,10,115.6,36,54.7,60.8,4.1,12.6,51.4,22,2.2,2.4,51,194-356,0.545,7.3,'56-152',0.368,2019
5,Jr,'6-7',Grant Williams,Tennessee,SEC,78.6,6.1,11.8,124.5,27,58.3,64.7,8.8,17.4,18.3,15.2,5.3,2,63.7,215-361,0.596,2.2,'14-44',0.318,2019
6,Sr,'6-2',Justin Wright-Foreman,Hofstra,CAA,92.8,6.1,6,120.7,31.5,59.6,63.7,1.2,11.4,17.6,13.2,0.6,1.4,32.1,217-382,0.568,11.6,'108-254',0.425,2019
7,Jr,'6-1',Carsen Edwards,Purdue,B10,87.3,6,7.5,108,34.8,49,54.1,1.3,10.7,18.3,15.5,1,2.3,31.4,142-323,0.44,18.2,'135-380',0.355,2019
8,Jr,'6-1',Jordan Ford,Saint Mary's,WCC,91.9,6,7.5,119.9,27.5,55.7,59.5,1.7,7.7,14.9,11.7,0.1,2.1,32.6,185-351,0.527,8.5,'70-170',0.412,2019
9,Jr,'5-11',Markus Howard,Marquette,BE,82.8,5.8,7.2,110.7,36.2,52,59,1.5,11.2,27.3,18.4,0.1,1.8,42.5,132-302,0.437,14.8,'120-298',0.403,2019
10,Sr,'6-9',Mike Daum,South Dakota St.,Sum,83.7,5.6,6.5,120.8,32.3,57.4,62.3,8.8,28,11,11.4,3.6,1.2,41.1,211-366,0.577,9.1,'67-177',0.379,2019
11,Jr,'6-8',Brandon Clarke,Gonzaga,WCC,70.2,5.6,15.4,134.3,24,69.3,69.9,13.9,19.7,12.1,12.7,10.8,2.3,42,253-359,0.705,0.8,'4-15',0.267,2019
12,Sr,'6-1',Daishon Smith,Louisiana Monroe,SB,78.8,5.5,8,123.3,27.6,57,63,2.4,13,24.5,13.2,0.2,3.6,46.4,82-158,0.519,14.6,'109-273',0.399,2019
13,So,'6-7',De'Andre Hunter,Virginia,ACC,80.4,5.5,9.4,122.9,23.5,57.9,61.8,5.6,13.4,13,11.8,2.4,1.2,39.8,159-289,0.55,5.6,'46-105',0.438,2019
14,Sr,'6-8',Matt Rafferty,Furman,SC,84.3,5.4,12.8,127.9,25,61.6,65.2,9.7,21.7,25.1,15.4,3.7,4.5,47.9,190-304,0.625,1.4,'8-24',0.333,2019
15,Jr,'6-5',Sam Merrill,Utah St.,MWC,88.4,5.4,7.2,123.2,25.3,54.1,60.9,1.1,10.9,23.6,12.3,0.8,1.6,42,137-259,0.529,10.5,'82-222',0.369,2019
16,Jr,'6-3',Grant Riller,Charleston,CAA,88.1,5.4,5.7,120.9,30.1,58.4,62.4,2.2,10.2,25.7,13.1,0.2,2.1,38.3,210-339,0.619,7.3,'45-136',0.331,2019
17,Jr,'6-9',Dedric Lawson,Kansas,B12,80.8,5.4,9.7,114.4,28.5,52.5,57.8,11,23.2,11.1,14,3.7,2.2,40.4,214-419,0.511,4.3,'35-89',0.393,2019
18,Fr,'6-7',R.J. Barrett,Duke,ACC,87.9,5.4,7.2,108,31.3,50.6,53.2,4.8,17.2,23.5,15.9,1.2,1.4,31.9,246-465,0.529,9.6,'73-237',0.308,2019
19,Jr,'6-5',Ty Jerome,Virginia,ACC,81.8,5.3,10.3,119.1,24.1,53.2,55.5,1.8,13,32.6,13.3,0.1,3,22.2,99-211,0.469,10.4,'79-198',0.399,2019
20,Jr,'6-1',Shamorie Ponds,St. John's,BE,84.3,5.3,9,116.8,27.6,52.2,57.7,3.1,10.3,29,11.3,0.9,4.1,38.4,151-292,0.517,8.8,'65-184',0.353,2019
21,Sr,'6-3',CJ Massinburg,Buffalo,MAC,78.1,5.3,10.1,127.6,22.7,57,61.4,6.6,13.6,15,9.7,0.9,1.9,44.4,101-189,0.534,11.2,'92-230',0.4,2019
22,Jr,'6-8',Tres Tinkle,Oregon St.,P12,87.4,5.3,8.2,113.2,29.2,54.3,58.6,6.8,19.1,23.8,16.6,1.7,2.8,41.1,162-284,0.57,8.7,'53-161',0.329,2019
23,Sr,'6-9',Cameron Johnson,North Carolina,ACC,74.6,5.3,12.1,128.9,20.7,62,64.7,6.5,13.4,13.8,12.8,1.1,2.1,26.3,115-208,0.553,10.3,'96-210',0.457,2019
24,Sr,'6-8',Dylan Windler,Belmont,OVC,83.7,5.3,10.5,126.6,24.7,64.9,68,6.8,27.2,13.4,13.6,1.7,2.4,30.5,142-215,0.66,11.4,'97-228',0.425,2019
25,Jr,'6-2',Myles Powell,Seton Hall,BE,88.9,5.2,9.5,112,29.5,54.2,59.2,2.4,10.3,18.4,15.8,0.6,3.2,36.5,145-269,0.539,13.7,'107-295',0.363,2019
26,Jr,'6-2',Kyle Guy,Virginia,ACC,87.6,5.2,8.9,120.4,21.2,58.5,60.9,2.7,12.6,11.9,12.2,0.2,1.3,19,78-159,0.491,13.8,'120-282',0.426,2019
27,Fr,'6-1',Antoine Davis,Detroit Mercy,Horz,90.5,5.1,2.7,107.7,35,50.1,53.9,2.1,7.5,24,14.5,0,1.4,22.4,131-310,0.423,17.7,'132-347',0.38,2019
28,Jr,'6-6',Anthony Lamb,Vermont,AE,74.6,5.1,12,117.4,32.6,56.8,60.5,6.2,23.3,19.4,12.7,7.3,1.7,40.4,189-328,0.576,8.4,'50-137',0.365,2019
29,Sr,'6-4',Quinndary Weatherspoon,Mississippi St.,SEC,84.5,5.1,7.3,116.3,25.8,57.4,62.2,4.7,11.6,16.6,19.3,1.1,2.9,43.7,158-280,0.564,7,'55-139',0.396,2019
30,Jr,'5-11',Jared Harper,Auburn,SEC,82.3,5.1,6.3,116.7,25.1,50.1,56,1,8.1,32.6,16.9,0.2,2,39.9,82-191,0.429,11.6,'96-260',0.369,2019
31,Sr,'6-4',Fletcher Magee,Wofford,SC,80.1,5.1,7.7,124,25.7,57.4,61.3,1.5,8.3,9.9,10.5,0.2,1.3,22,64-131,0.489,19.8,'140-346',0.405,2019
32,Sr,'6-6',Jordon Varnado,Troy,SB,56.4,5,5.8,116.3,29.1,59.6,63.4,7.5,19.1,17.3,16.4,3.8,0.9,39.3,108-189,0.571,7.5,'36-83',0.434,2019
33,Jr,'6-10',Kerry Blackshear Jr.,Virginia Tech,ACC,74.4,5,7.2,118.8,27.4,53.7,58.3,13.7,18.5,17.3,13.7,4.1,1.4,50.3,163-299,0.545,3.7,'21-63',0.333,2019
34,Jr,'6-8',Rui Hachimura,Gonzaga,WCC,75.5,5,8.4,121.7,26.4,60.8,63.9,5.8,17,9.3,12.9,2.4,1.8,47.7,260-429,0.606,1.8,'15-36',0.417,2019
35,Sr,'6-5',John Konchar,Purdue Fort Wayne,Sum,86.8,5,8.2,119.9,28.3,59.1,62.3,7.3,20.5,30,16.6,3,3.3,43.3,166-266,0.624,6.7,'45-129',0.349,2019
36,Sr,'6-1',Corey Davis Jr.,Houston,Amer,82.4,4.9,8.8,120.9,23.1,53.5,57.9,2.4,8.3,17,11.4,0.3,1.9,27,91-185,0.492,14.4,'111-296',0.375,2019
37,Sr,'6-3',Phil Booth,Villanova,BE,86.9,4.9,5.5,112.5,27.4,52.9,56.7,1.2,11.9,24.9,14.8,0.7,1.5,36.5,123-243,0.506,12.5,'95-259',0.367,2019
38,Sr,'6-3',Jeremiah Martin,Memphis,Amer,85.2,4.8,9.5,114.8,26.1,51.8,57.7,3.5,10.1,24.4,15.6,2.1,3.4,54.3,154-297,0.519,8.2,'66-191',0.346,2019
39,Jr,'6-4',Jon Axel Gudmundsson,Davidson,A10,92.6,4.8,6.8,115.5,25.3,53.6,60.1,2.5,20,27.5,16.3,0.3,2.1,51.7,115-213,0.54,8.1,'58-164',0.354,2019
40,Jr,'6-10',Nathan Knight,William & Mary,CAA,75.4,4.8,7.9,117.8,33,58.9,62.5,10.4,22.2,28.6,15.2,7.4,0.8,53.1,220-358,0.615,2.6,10-41',0.244,2019
41,Jr,'6-0',Eugene German,Northern Illinois,MAC,75.8,4.8,7.7,114,29.9,58.2,59.9,2,16.7,19,14.4,0.6,2.3,26.8,139-252,0.552,12.2,'84-203',0.414,2019
42,So,'6-1',Colbey Ross,Pepperdine,WCC,87.4,4.8,3.4,110.7,31,52,61.1,1.1,8.9,42.2,22.8,0.5,1.8,67.4,113-242,0.467,7.7,'63-157',0.401,2019
43,So,'6-5',Terry Taylor,Austin Peay,OVC,83.6,4.7,6.6,121.4,26.7,57.7,60.2,10.8,19.9,10.7,12,3,1.7,30.4,194-323,0.601,7.5,'49-141',0.348,2019
44,Sr,'6-6',Cameron Young,Quinnipiac,MAAC,87.7,4.7,5.4,116.8,29.2,59.4,63.6,3.3,13,13.6,16.2,0.9,1.9,51,118-223,0.529,12.7,'104-238',0.437,2019
45,Sr,'6-4',Shizz Alston Jr.,Temple,Amer,90.6,4.7,6.2,111,27.2,50.2,55.8,1.5,7.1,28.4,14.5,0.5,2.3,29.7,108-228,0.474,13.3,'99-283',0.35,2019
46,Sr,'6-0',Jahmal McMurray,SMU,Amer,81.7,4.7,4.6,117,25.2,55.9,58.3,0.5,7.6,17.7,12.7,0.4,1.3,17.6,105-203,0.517,14.9,'101-256',0.395,2019
47,So,'6-5',Jarrett Culver,Texas Tech,B12,80.6,4.7,10.5,106.9,32.2,50.5,54.2,5.7,17.3,25.9,15.5,2.2,2.7,37.7,205-390,0.526,7.8,'49-161',0.304,2019
48,Sr,'6-2',Jordan Davis,Northern Colorado,BSky,85.8,4.7,5.5,111,35.6,51.9,57.4,3,13,33.5,16.4,1,2.4,43.4,189-371,0.509,7.9,'51-141',0.362,2019
49,Sr,'6-6',Max Strus,DePaul,BE,90.3,4.7,3.9,115.8,23.4,53.3,57.5,3.5,14.7,11.3,12.7,1.6,1.4,28.1,119-230,0.517,13.2,'113-311',0.363,2019
50,Sr,'6-6',Marial Shayok,Iowa St.,B12,79.9,4.7,5.4,111.9,26.9,57.1,61.1,5.1,11.7,12.2,17.6,0.8,1.7,26.6,158-278,0.568,9.6,'71-185',0.384,2019
1,Sr,'5-11',Markus Howard,Marquette,BE,78.9,7,10.2,113.5,37.3,52.9,59.3,1.9,9.1,26.2,15.3,0.1,1.6,44.5,115-266,0.432,17.1,'121-294',0.412,2020
2,Sr,'6-2',Payton Pritchard,Oregon,P12,88.8,6.9,10,120.6,28.4,56.3,60.1,2.3,11.6,31.6,16,0.1,2.5,30.3,128-250,0.512,11.3,'88-212',0.415,2020
3,Sr,'6-1',Jordan Ford,Saint Mary's,WCC,93.4,6.2,7.4,119.3,27,56.1,59.6,2,8.4,13.8,9,0.1,2.2,25.8,181-337,0.537,9.8,'81-202',0.401,2020
4,Jr,'6-11',Luka Garza,Iowa,B10,80.1,6.2,10.5,117,31.1,57.8,59.4,12.5,21.2,9.3,10.4,6,1.5,36.8,248-421,0.589,6.2,'39-109',0.358,2020
5,Jr,'5-8',Loren Cristian Jackson,Akron,MAC,86.3,6,8,123.7,26.8,58.7,63.8,2.1,6.2,29.2,14.5,0.1,1.5,37.9,96-192,0.5,11.7,'91-204',0.446,2020
6,Sr,'6-5',Sam Merrill,Utah St.,MWC,86.3,5.8,9.2,125.9,24.1,56.6,62.5,0.6,12,24,10.9,0.4,1.5,39.7,106-206,0.515,11.4,'89-217',0.41,2020
7,So,'6-2',Devon Dotson,Kansas,B12,84.2,5.8,10,114.1,26.3,51.1,57.4,1.9,10.5,23.3,15.9,0.3,3.6,44.8,140-261,0.536,6.7,'35-116',0.302,2020
8,So,'6-5',Tyrese Haliburton,Iowa St.,B12,62.8,5.6,10.7,120.1,21.5,61.1,63.1,4.6,13.7,35.3,20.1,2,3.8,18.4,71-120,0.592,8.8,'52-124',0.419,2020
9,Jr,'6-1',Malachi Flynn,San Diego St.,MWC,84.8,5.6,10.9,121.5,27.1,53.2,58.3,2.3,13.5,30.2,11.7,0.4,3.1,33.7,107-209,0.512,11.6,'74-201',0.368,2020
10,Jr,'6-1',Carlik Jones,Radford,BSth,83.9,5.4,8.4,119.9,31.4,53.1,58.9,2.3,16.1,36.1,13.5,0.7,2.3,44.1,162-320,0.506,6.6,'44-109',0.404,2020
11,So,'6-10',Daniel Oturu,Minnesota,B10,84.2,5.4,9.9,112,28.3,58.5,61.2,12,23.3,7.6,17.5,7.1,1,42.8,219-371,0.59,2.9,'19-52',0.365,2020
12,Jr,'6-5',Mason Jones,Arkansas,SEC,80.6,5.4,8.4,111.9,31.6,53.3,61.4,2.4,16.3,23,16.7,0.5,2.7,66.8,123-228,0.539,10.3,'68-194',0.351,2020
13,So,'6-9',Obi Toppin,Dayton,A10,78.2,5.4,11.9,122.5,26.2,67.4,68.4,5.2,22,14.5,15.4,4.1,1.8,36.4,213-305,0.698,4.9,'32-82',0.39,2020
14,Sr,'6-1',Cassius Winston,Michigan St.,B10,78.9,5.3,7.7,112.2,29.1,53.6,58.5,0.7,7.1,36.3,19.5,0.1,2.1,32.7,112-244,0.459,10,'73-169',0.432,2020
15,Sr,'6-3',Jonah Radebaugh,Northern Colorado,BSky,95,5.3,7.3,118.7,25.7,55.9,58.6,3.7,16.4,35.1,16.4,0.6,2.3,23.5,137-266,0.515,5.9,'48-108',0.444,2020
16,Sr,'6-3',Grant Riller,Charleston,CAA,84,5.3,7,112.1,33.9,54.8,60.5,1.9,15.2,30.5,16.6,1,2.9,46.2,173-315,0.549,7.6,'47-129',0.364,2020
17,Jr,'6-4',Javion Hamlet,North Texas,CUSA,76.6,5.2,5,120.3,27.5,53.9,60.8,1.9,10.1,34.9,17.1,0.1,1.4,45.5,121-237,0.511,4.2,'26-60',0.433,2020
18,Jr,'6-0',Jhivvan Jackson,UTSA,CUSA,86.4,5.2,6.1,106.1,35.7,49.8,54.2,2.9,14.4,17.3,12.5,0.7,2.3,26.5,152-325,0.468,16.8,'110-312',0.353,2020
19,Sr,'6-0',Anthony Cowan Jr.,Maryland,B10,86.9,5.1,6.8,113.4,25.1,46.9,55.4,1.8,9.7,29.2,15.1,0.5,1.6,59.6,83-182,0.456,9.6,'56-174',0.322,2020
20,Sr,'6-1',Jordan Roland,Northeastern,CAA,90.1,5.1,5.8,118.1,27.5,57.4,61.6,1.9,10.1,11.3,10.8,0.8,2.6,28.2,155-277,0.56,12.3,'95-241',0.394,2020
21,Sr,'6-4',Skylar Mays,LSU,SEC,85.4,5.1,7.3,120.5,21.7,56.4,62.2,1.6,13.7,17,17.1,0.7,2.9,43.9,119-217,0.548,6.7,'50-127',0.394,2020
22,So,'6-8',Saddiq Bey,Villanova,BE,84.4,5.1,7.3,119,22,58.4,60.8,4.5,11.3,14.9,11.8,1.1,1.4,24.8,96-192,0.5,9.9,'79-175',0.451,2020
23,So,'5-11',Kendric Davis,SMU,Amer,73.9,5,4,116.5,23.9,49.8,55.7,2.1,11.6,39.2,17.9,0.4,2,36.4,99-193,0.513,6,'28-90',0.311,2020
24,Jr,'6-5',Jalen Harris,Nevada,MWC,79.6,5,7,111,31.8,51.3,56.1,2.5,17.5,26.5,12.8,0.5,1.9,32.8,156-315,0.495,10.5,'67-185',0.362,2020
25,Sr,'6-8',Quintin Dove,Tennessee Martin,OVC,85,5,-0.9,120.4,26.5,58.2,62.7,12.1,14.6,6.2,14.3,1,0.7,49.3,173-288,0.601,3.8,'20-61',0.328,2020
26,Sr,'6-6',Desmond Bane,TCU,B12,89.6,5,8.9,112.2,23.5,54.9,56.5,4.6,16.6,26,16.7,1.6,2.4,13.3,100-222,0.45,10.8,'87-198',0.439,2020
27,So,'6-10',Jalen Smith,Maryland,B10,78.1,5,10.8,120.1,22.6,59,62.6,11.5,25.4,6.1,14.3,8.3,1.3,47.4,136-225,0.604,5.3,'32-87',0.368,2020
28,Jr,'6-1',Jalen Crutcher,Dayton,A10,80.3,4.9,7.2,121.5,22.4,58.3,62.6,1.8,9.1,25.5,16,0.4,1.5,31.5,75-144,0.521,9.8,'72-170',0.424,2020
29,Jr,'6-5',Terry Taylor,Austin Peay,OVC,91.9,4.8,6.6,116.1,26.8,58.2,59.3,12.3,23.4,9.2,14.2,3.9,2.1,31.9,224-364,0.615,6,'38-119',0.319,2020
30,Sr,'6-8',Sha'markus Kennedy,McNeese St.,Slnd,81.8,4.8,6.3,126.4,23.2,68.2,70.5,12.9,25.6,10,17.5,9,1.2,47.2,205-299,0.686,0.2,'1-4',0.25,2020
31,Sr,'6-6',Sean McDermott,Butler,BE,82,4.8,8.3,129.9,15.4,60.4,63.9,4.4,18.4,6.2,8.4,1.5,1.3,27.1,54-86,0.628,10.1,'65-165',0.394,2020
32,Sr,'6-10',Nathan Knight,William & Mary,CAA,74.8,4.8,7.7,114,34.4,55.6,60.9,11.2,29.4,14.6,14.8,5.2,1.4,52.9,193-330,0.585,6.1,'29-95',0.305,2020
33,Fr,'6-9',Isaiah Stewart,Washington,P12,80.2,4.8,6.6,115.7,24.2,57.7,62.9,10.6,19.4,6.3,16.1,7,0.9,59.1,187-317,0.59,1.1,'5-20',0.25,2020
34,So,'6-10',Reggie Perry,Mississippi St.,SEC,77.7,4.8,7.5,112.9,28.8,53.1,58.7,12.4,25.1,16.1,19.1,4.1,1.6,53,160-295,0.542,4.3,'23-71',0.324,2020
35,Sr,'5-11',Desure Buie,Hofstra,CAA,94.1,4.8,5.9,115.4,26.4,53.3,58,1.6,9.7,31.8,17.2,0.3,3.2,31.3,133-284,0.468,8.4,'76-179',0.425,2020
36,Jr,'6-6',Elijah Hughes,Syracuse,ACC,91.1,4.7,6.7,110.5,25.5,51.1,56.1,1.3,13.3,20.1,14.2,2.9,1.8,35.8,120-236,0.508,11.3,'78-228',0.342,2020
37,Sr,'6-8',Yoeli Childs,BYU,WCC,43.6,4.7,8.4,109.2,35.6,60.8,60.3,8.7,28.2,17.5,13.3,3.3,1.5,30.4,153-260,0.588,4.8,'22-46',0.478,2020
38,Sr,'6-7',Tres Tinkle,Oregon St.,P12,86.2,4.7,7,109.4,28.3,50,55.9,4.8,18.9,20.7,13.8,1.7,3,41.9,137-279,0.491,8.3,'51-148',0.345,2020
39,Sr,'6-0',Jermaine Marrow,Hampton,BSth,77.6,4.7,0,105.7,34.6,45,51.3,2.2,7.2,37.6,12.9,0.2,1.6,46.9,144-310,0.465,10.5,'51-180',0.283,2020
40,Jr,'6-4',Ty-Shon Alexander,Creighton,BE,87.4,4.6,7.1,114.8,21.9,53,58.5,0.9,14.8,12.3,10.4,0.8,2.2,35.8,77-169,0.456,10.9,'79-200',0.395,2020
41,Jr,'6-0',Marreon Jackson,Toledo,MAC,88.4,4.6,4.4,110.3,29.6,51.6,56.7,2.1,10.7,33.2,16.8,0,2.3,37.6,95-207,0.459,13.6,'97-259',0.375,2020
42,So,'6-2',Marcus Carr,Minnesota,B10,91.4,4.6,4.7,106.6,25.9,45.8,50.2,2.9,12.4,35.6,16.5,0.3,1.4,40,105-256,0.41,7.5,'52-144',0.361,2020
43,Jr,'6-1',Colbey Ross,Pepperdine,WCC,92.3,4.6,2.8,104.1,31.5,47.5,54.4,2.2,12.4,40,20.7,0.5,1.6,40.8,129-293,0.44,9.9,'74-212',0.349,2020
44,Fr,'6-9',Onyeka Okongwu,USC,P12,68.4,4.6,10.9,119.1,23.4,61.9,64.6,12.4,18.4,8.4,15.9,9.8,2.3,50.2,175-281,0.623,0.3,'1-4',0.25,2020
45,So,'6-2',Marcus Zegarowski,Creighton,BE,87.1,4.6,5.9,112,23.7,58.1,60.1,0.6,11.2,27.3,18.4,0.3,1.9,21.5,103-191,0.539,9.4,'72-172',0.419,2020
46,Sr,'6-1',Ivan Gandia-Rosa,North Florida,ASun,83.8,4.6,3.1,121.2,23.2,55.1,59.7,2.5,8.9,37.1,17.8,0.1,1.8,29,69-127,0.543,10.8,'72-194',0.371,2020
47,Jr,'6-10',Paul Atkinson,Yale,Ivy,79.7,4.6,7,119.6,24.5,63.3,65.1,8.6,17.4,10.1,14.6,2.8,2.1,50.5,191-298,0.641,0.8,'4-13',0.308,2020
48,Jr,'6-7',Jordan Nwora,Louisville,ACC,82.2,4.6,7.1,111.2,26,52.8,56.9,6,19.8,8.4,14.5,0.9,1.3,29.8,113-241,0.469,10.9,'76-189',0.402,2020
49,Jr,'5-8',Terrell Gomez,Cal St. Northridge,BW,93.8,4.6,1.8,118.1,22.4,55.4,60,1,6.7,12.4,9.9,0,1.3,24.2,92-211,0.436,11.6,'102-231',0.442,2020
50,So,'6-3',Immanuel Quickley,Kentucky,SEC,78.9,4.6,6.3,117.9,22.2,51.1,59.5,2.1,11.9,11.7,12.8,0.5,1.6,47.1,76-186,0.409,8.6,'62-145',0.428,2020
1,Sr,'6-11',Luka Garza,Iowa,B10,78.8,7,12.5,124,30.4,59.6,62,10.4,18.2,12.1,8.9,5.2,1.2,39.2,237-408,0.581,5.7,'44-100',0.44,2021
2,So,'6-1',Max Abmas,Oral Roberts,Sum,95.8,6.6,6.5,121.8,28.9,58.1,63,1.4,7.9,22.3,12.3,0.4,2.1,33.2,119-231,0.515,12.4,'97-224',0.433,2021
3,Jr,'5-11',Kendric Davis,SMU,Amer,86.8,6.5,9.7,121.6,27.6,53.4,58.3,1.6,11.5,46.2,14.1,0.2,2.6,35.4,89-170,0.524,6.4,'25-67',0.373,2021
4,Fr,'6-4',Cameron Thomas,LSU,SEC,84.6,6,5.3,114.6,29.2,47.4,55.3,2,8.2,8.3,9.4,0.7,1.4,44,135-291,0.464,11.7,'68-209',0.325,2021
5,So,'6-10',Drew Timme,Gonzaga,WCC,70.1,5.9,10.9,129.3,26.5,66.3,67.7,10.4,18.5,14.4,12.8,2.5,1.3,50.8,231-340,0.679,1.3,'6-22',0.273,2021
6,So,'6-9',Matthew Hurt,Duke,ACC,80.7,5.8,8.9,129.7,21,64.9,66.1,5.1,17,8.1,9.8,2.1,1.3,25.7,108-170,0.635,9.3,'56-126',0.444,2021
7,Sr,'6-7',Corey Kispert,Gonzaga,WCC,79.2,5.8,10.4,131.2,20.7,64.4,67.4,3.8,13.9,9,10.7,1.4,1.5,24.8,118-188,0.628,10.9,'91-207',0.44,2021
8,Sr,'6-0',McKinley Wright IV,Colorado,P12,81.3,5.7,9.2,118.6,26.3,51.8,56.8,3.3,12.8,36.9,15.1,1,1.9,32.9,150-279,0.538,5.4,'28-92',0.304,2021
9,Jr,'6-5',Ayo Dosunmu,Illinois,B10,78.4,5.5,8.3,110.8,29.4,52.6,56.6,3.9,15.8,29.2,18,0.6,1.8,33.3,178-347,0.513,4.7,'32-83',0.386,2021
10,So,'6-1',Scotty Pippen Jr.,Vanderbilt,SEC,70.1,5.5,6.8,108.8,35.1,49.5,57.5,3.6,6.9,36.8,19.6,0.6,3.2,52.5,93-198,0.47,9.8,'43-120',0.358,2021
11,Sr,'6-8',Sam Hauser,Virginia,ACC,85.2,5.4,9.1,123.6,22.2,61.1,63.5,3.4,21.6,11.6,9,1.4,1.1,16.4,84-141,0.596,11.6,'63-151',0.417,2021
12,Fr,'7-0',Evan Mobley,USC,P12,83.6,5.4,12.6,119.4,23.4,59.5,62.4,9.7,18.8,14.1,16.6,8.7,1.4,56.6,185-301,0.615,2.1,12-40',0.3,2021
13,Sr,'6-6',Chris Duarte,Oregon,P12,79.1,5.4,10.4,120.2,22.5,63.3,65.7,2.8,14,14.9,17.5,2.8,3.3,26.2,99-157,0.631,9.6,'61-144',0.424,2021
14,So,'6-2',Miles McBride,West Virginia,B12,84.3,5.3,8.8,117.9,23,49.3,54.3,3.7,9.2,28.6,13.2,1,3.2,33.9,110-252,0.437,6.4,'46-111',0.414,2021
15,Jr,'6-5',Quentin Grimes,Houston,Amer,79.4,5.3,10,118.2,25.3,52.3,55.8,5.4,14.1,12.6,13.5,1.2,2.6,26.5,73-178,0.41,15.4,'100-248',0.403,2021
16,Sr,'6-9',Oscar da Silva,Stanford,P12,70.4,5.3,8.9,116.3,27.1,59.4,64,7.2,17.3,18,16.7,3.7,1.6,49.5,146-236,0.619,3.4,'14-45',0.311,2021
17,Sr,'6-2',Alex Barcello,BYU,WCC,79.8,5.2,9.3,123.3,22.4,60.5,64.7,1.8,13.7,25.7,16.6,0,1.8,35.1,89-165,0.539,7.2,'50-106',0.472,2021
18,Sr,'6-5',Terry Taylor,Austin Peay,OVC,92.6,5.2,5.2,116.7,28.2,53.9,57.5,16.4,21,10.3,14.9,2.9,1.9,30.6,189-332,0.569,5,'22-80',0.275,2021
19,Sr,'6-9',Moses Wright,Georgia Tech,ACC,82.8,5.2,6.3,114.5,25.8,54.8,56.8,11.5,17.5,13.7,11.2,5.4,2.3,33.6,163-300,0.543,2,'12-30',0.4,2021
20,Sr,'6-4',MaCio Teague,Baylor,B12,77.2,5.2,8.1,125.4,21,56,58.7,5,10.2,9.4,9.5,1.3,1.5,20.4,116-216,0.537,9.5,'60-152',0.395,2021
21,Sr,'6-5',Austin Reaves,Oklahoma,B12,78.7,5.1,6.4,110.9,28.4,49.4,57.9,2.8,15.1,27,17.7,1,1.5,54.1,107-209,0.512,7.1,'32-105',0.305,2021
22,Jr,'6-3',Jared Butler,Baylor,B12,75.8,5.1,10.7,117.3,26.9,57.3,59.9,1.7,11.3,27.8,20,1.3,3.7,24.2,100-191,0.524,11.7,'77-185',0.416,2021
23,Jr,'6-2',Davion Mitchell,Baylor,B12,80.8,5.1,9.5,122.1,21.6,61.3,62,1.7,8.1,28.3,20.1,1.3,3.4,21.4,95-168,0.565,8.4,'63-141',0.447,2021
24,Jr,'6-5',Taevion Kinsey,Marshall,CUSA,93.7,5.1,3.4,119.2,23.5,56.3,60.2,6.3,11.7,14.9,11.8,0.9,1.1,31.9,146-264,0.553,3,'19-46',0.413,2021
25,Sr,'5-8',Loren Cristian Jackson,Akron,MAC,88.1,5.1,4.5,109.5,33.3,46.7,52.9,2.2,7.1,35.5,15.4,0.1,1.6,33.7,95-213,0.446,12.3,'53-161',0.329,2021
26,Sr,'6-3',Collin Gillespie,Villanova,BE,66.4,5.1,6.5,118.9,22.4,52.6,57.6,2.2,9.7,26.6,13.1,0,1.7,34.6,48-99,0.485,10,'41-109',0.376,2021
27,So,'6-9',Trayce Jackson-Davis,Indiana,B10,83,5,7.1,107.3,29.3,51.7,55.8,11,19.8,10.8,12.8,4.8,1.3,64.7,183-354,0.517,0,'0-0',0,2021
28,So,'6-7',Hyunjung Lee,Davidson,A10,75,5,7.3,126.9,21,65.5,68.7,4.6,11.6,16.7,16.6,1.6,1.2,26.2,43-72,0.597,11.4,'53-115',0.461,2021
29,Sr,'6-8',Gaige Prim,Missouri St.,MVC,75.1,5,8.3,117.7,29.6,58.7,61.9,14,21.9,22.1,16.5,4.5,2.3,39.3,148-250,0.592,0.2,'0-2',0,2021
30,Jr,'6-1',Antoine Davis,Detroit Mercy,Horz,95.6,5,1.5,110.5,32.2,52.3,56.6,0.6,8.5,26.7,15.6,0,2.2,22.9,95-197,0.482,15.6,'83-223',0.372,2021
31,So,'6-9',Jeremiah Robinson-Earl,Villanova,BE,85.8,5,6.8,114.1,24.1,53.4,55.8,8.6,21.2,13.5,11.8,2.3,1.7,26.9,132-230,0.574,5.8,'23-82',0.28,2021
32,Sr,'6-0',Jose Alvarado,Georgia Tech,ACC,90.6,4.9,7.3,117.8,20.6,58.8,62.3,2.5,9.4,21,16.1,0.1,4.5,28.7,95-161,0.59,7.2,'46-118',0.39,2021
33,Sr,'6-4',JaQuori McLaughlin,UC Santa Barbara,BW,81.6,4.9,8.5,120.9,25.5,55.6,61,2.8,10.2,32.6,14.6,0.5,2.8,42.8,96-180,0.533,7.2,'39-98',0.398,2021
34,So,'6-2',Grant Sherfield,Nevada,MWC,87,4.9,6.1,110.1,28.9,49.4,56.3,1,10.7,38.8,16.5,0,2.6,42,102-220,0.464,8,'45-123',0.366,2021
35,Sr,'6-7',Jermaine Samuels,Villanova,BE,72.9,4.9,7.5,124.9,20.7,54.4,60.2,7.2,19.1,16.4,10.9,1.2,1.2,45.1,73-136,0.537,5.8,'26-70',0.371,2021
36,Jr,'6-2',Marcus Carr,Minnesota,B10,88.3,4.9,6.3,106.5,28.3,45.1,51.7,2.1,10,31.5,13,0.4,2.1,42.9,114-263,0.433,10.2,'60-189',0.317,2021
37,So,'6-7',E.J. Liddell,Ohio St.,B10,68,4.9,7.5,114.2,27.3,51.5,56.7,7.2,18.4,13,11.9,4.1,1.3,50.8,131-253,0.518,5.5,'27-80',0.338,2021
38,Sr,'6-1',Jalen Crutcher,Dayton,A10,92.9,4.8,2.9,108.9,26.5,54,57.9,1.2,9.3,28.1,17.8,0.1,1.2,36.7,96-182,0.527,8.5,'48-129',0.372,2021
39,Sr,'6-10',Nate Watson,Providence,BE,79.2,4.8,6,118.5,22.9,60.2,61.2,9,14.4,5,10.1,3.2,0.6,42.1,180-299,0.602,0,'0-0',0,2021
40,So,'6-6',Justin Champagnie,Pittsburgh,ACC,78.1,4.8,7.5,115,24.6,51.6,54.9,10.8,25.6,10.4,10.3,4.3,2,34.4,111-208,0.534,6.3,'23-74',0.311,2021
41,So,'7-0',Kofi Cockburn,Illinois,B10,66.7,4.8,8.1,117.9,27.4,65.4,63.7,15.6,24,1.3,13.2,4.8,0.7,66.4,214-327,0.654,0,'0-0',0,2021
42,Sr,'6-6',Eugene Omoruyi,Oregon,P12,76.4,4.8,7.2,111.3,29,53.1,56.8,8.8,12.7,15,15.4,2.2,2.9,32.5,133-258,0.516,7.4,'41-108',0.38,2021
43,Jr,'6-2',Marcus Zegarowski,Creighton,BE,77.9,4.7,7.3,114.5,23.3,57.9,60,1.1,10.4,23.9,15.7,0.2,2.2,20.1,82-159,0.516,11.2,'80-190',0.421,2021
44,Sr,'6-6',Jordan Schakel,San Diego St.,MWC,73.4,4.7,9.7,130.9,18.7,62.2,65.3,3.6,14.4,6.8,8,0.7,2,22.5,46-93,0.495,13.1,'80-174',0.46,2021
45,So,'6-2',Tyson Etienne,Wichita St.,Amer,86.4,4.7,5.8,114.7,22.5,49.6,54.6,1.7,8.5,14.8,7.8,0.3,1.6,40.6,38-106,0.358,13,'61-155',0.394,2021
46,Jr,'6-6',Buddy Boeheim,Syracuse,ACC,80.4,4.6,4.2,111.8,22.7,53.5,55.8,1.8,6.1,14.9,11.3,0.1,2.1,14.2,84-171,0.491,13,'77-202',0.381,2021
47,Sr,'6-3',Tyreke Key,Indiana St.,MVC,78.3,4.6,6.2,114.2,25.7,53.1,59,3.6,15.5,14.7,12.2,1.1,1.9,42.4,100-181,0.552,7.6,'31-95',0.326,2021
48,Jr,'6-4',Javonte Smart,LSU,SEC,85.7,4.6,4.9,112.8,21.5,56,58.6,0.9,9.7,20,18.8,0.3,1.9,17.9,92-178,0.517,9.6,'70-174',0.402,2021
49,Jr,'5-11',Montre' Gipson,Tarleton St.,WAC,89.8,4.6,4,121.8,20.6,61,64.9,2.1,10,15.9,10.9,0,1.5,31.7,67-122,0.549,4.7,'22-42',0.524,2021
50,Sr,'6-7',Isaiah Livers,Michigan,B10,64.6,4.6,9.1,121.9,18.9,57,60.5,4.5,16.6,11.6,11.3,2.3,1.1,24.2,52-107,0.486,9.5,'50-116',0.431,2021
1,So,'6-8',Keegan Murray,Iowa,B10,77,7.1,15,131.2,28.1,61.4,63.8,9.8,20.2,10.1,7.1,6.4,2.3,34.3,241-388,0.621,8.4,'66-166',0.398,2022
2,Jr,'6-7',E.J. Liddell,Ohio St.,B10,82.4,6,10.4,116.2,30.5,54.6,59.8,8.9,19.1,16.1,15.1,8.2,1,53.4,157-291,0.54,7.2,'46-123',0.374,2022
3,Jr,'6-9',Oscar Tshiebwe,Kentucky,SEC,79.2,5.9,12,124.2,24.8,60.4,62.5,19.4,34.3,6.1,14.2,5.4,3.2,41.9,238-393,0.606,0.1,'0-1',0,2022
4,Jr,'6-5',David Roddy,Colorado St.,MWC,82.1,5.9,10.4,119.1,28.8,63.4,64.9,7.3,20.8,19.8,15.2,4,2.1,38.9,172-275,0.625,6.3,'45-103',0.437,2022
5,So,'7-1',Hunter Dickinson,Michigan,B10,76,5.9,9.9,119.9,26.8,58.8,61.7,9.1,22.7,16.1,14,5,0.9,27.2,219-362,0.605,3.7,'21-64',0.328,2022
6,Sr,'6-11',Jake Stephens,VMI,SC,80.8,5.8,9.4,124.5,26.3,65.4,68.4,6.1,22.6,21.8,16.7,6.9,0.9,40.6,116-198,0.586,8.7,'71-142',0.5,2022
7,Sr,'6-3',Collin Gillespie,Villanova,BE,85.4,5.7,8.1,122.6,22.4,56.5,60.9,1.5,11.6,20.2,13.7,0,1.9,26.8,75-161,0.466,13.2,'113-272',0.415,2022
8,Sr,'6-1',Antoine Davis,Detroit Mercy,Horz,92.4,5.5,3.2,110.9,34.7,53.1,56.7,1.6,10.6,29.8,16,0.1,1.6,21.4,125-257,0.486,17.1,'113-298',0.379,2022
9,Sr,'6-0',Kendric Davis,SMU,Amer,83.5,5.4,7,115.8,27.6,53.1,60.3,1.7,9.5,28,16.3,0.3,2.6,48.7,107-212,0.505,10.8,'77-207',0.372,2022
10,Jr,'7-0',Kofi Cockburn,Illinois,B10,64.5,5.4,8,114.7,30.7,59.3,61.3,12.9,25.6,6.7,14.6,3,1.6,53.3,226-381,0.593,0,'0-0',0,2022
11,Sr,'6-4',Javon Freeman-Liberty,DePaul,BE,67.4,5.4,7.5,111.2,30.3,49,53.6,5.4,16.9,20.3,11.6,0.2,2.8,39.4,127-276,0.46,9,'49-133',0.368,2022
12,Sr,'5-9',Darius McGhee,Liberty,ASun,86.8,5.3,7.3,108.9,36.8,55.4,59,1.9,13.7,27.7,15.6,0.6,2,22.8,129-235,0.549,19.5,'125-336',0.372,2022
13,So,'6-4',Malachi Smith,Chattanooga,SC,89.5,5.3,8.3,117.7,28,54.5,59.1,6,16.7,17.1,14.7,0.4,2.9,35.4,179-344,0.52,7.2,'56-139',0.403,2022
14,Sr,'6-3',Terrell Brown Jr.,Washington,P12,89.3,5.2,8.2,107.5,31.8,46.2,51.6,3.6,9.6,30,11.9,1.5,3.4,38.5,245-509,0.481,3,12-60',0.2,2022
15,So,'6-0',Nijel Pack,Kansas St.,B12,76.8,5.2,10,117,23.8,57.8,60.3,2.6,10.9,16.3,11.2,0.4,2.4,18.4,80-167,0.479,13.5,'95-218',0.436,2022
16,Jr,'7-0',Orlando Robinson,Fresno St.,MWC,79.3,5.2,10,109.9,33.8,51.8,55.5,10.1,22.1,23.2,14.1,4.7,2,42.4,200-393,0.509,5.7,'37-100',0.37,2022
17,Sr,'6-7',Hunter Maldonado,Wyoming,MWC,91.9,5.2,4.9,108.5,30.8,52,56.6,3.5,14.1,38.6,19.6,0.4,1.9,53,192-346,0.555,4.1,'21-84',0.25,2022
18,Sr,'6-5',Ochai Agbaji,Kansas,B12,84.6,5.2,8.1,114,23.3,57,59.5,2.8,12.9,8.7,14.5,1.7,1.5,28,155-290,0.534,10.7,'103-253',0.407,2022
19,So,'6-9',Trayce Jackson-Davis,Indiana,B10,79.8,5.2,10.8,117.8,26.2,58.9,61.3,8.3,20.4,13.9,11.7,8.4,1.1,52.2,246-415,0.593,0.2,'0-3',0,2022
20,Sr,'6-7',Justin Bean,Utah St.,MWC,87.9,5.1,9.3,118.2,23.5,58.7,61.5,8.9,24.2,15.4,13.8,1.6,2.7,27,176-318,0.553,4.9,'45-97',0.464,2022
21,Jr,'6-0',Foster Loyer,Davidson,A10,65.9,5.1,5.8,122.6,25.6,57.1,63.8,1.2,11.5,22.3,13.1,0,1.5,40.3,65-139,0.468,11.8,'74-169',0.438,2022
22,Jr,'6-6',Jalen Williams,Santa Clara,WCC,86.7,5.1,5.5,116.1,24.9,56.2,60.1,2,11.7,22.7,13.6,1.5,1.9,33,177-321,0.551,5.2,'42-106',0.396,2022
23,Jr,'6-3',Scotty Pippen Jr.,Vanderbilt,SEC,82.1,5,7.3,104.9,34.4,47.6,54.1,2.9,9.7,32.6,17.1,0.6,3.4,55.6,160-341,0.469,9.6,'64-197',0.325,2022
24,Jr,'6-10',Armando Bacot,North Carolina,ACC,78.3,5,8.2,117.9,25,57,59.6,14.9,29.9,9.9,14.3,5.2,1.5,50.8,243-421,0.577,0.4,'1-8',0.125,2022
25,Sr,'6-4',Bryce Hamilton,UNLV,MWC,82.5,5,7.5,106.2,33.6,50.2,54,2.3,15.3,18.4,10.8,0.4,1.5,29.4,162-334,0.485,13.5,'81-231',0.351,2022
26,So,'7-1',Ryan Kalkbrenner,Creighton,BE,70.6,5,10.2,128.8,20,65.1,67.4,16,12.9,6.7,13.8,8.5,0.9,48.1,170-256,0.664,0.7,'3-12',0.25,2022
27,Jr,'6-7',JT Shumate,Toledo,MAC,80.3,4.9,7.3,135.8,18.4,65.1,67.7,7.6,12.5,10.1,9.9,4.3,1.1,26.8,114-190,0.6,7.3,'65-135',0.481,2022
28,Jr,'6-1',Jahmir Young,Charlotte,CUSA,89.6,4.9,5.2,113.7,28.1,53,58.5,2.4,18,23.3,12.7,1.4,1.8,33,154-285,0.54,8.9,'56-164',0.341,2022
29,Jr,'6-5',Isiaih Mosley,Missouri St.,MVC,79.5,4.9,6,113.9,30.8,56.7,61,3.9,18.9,15.8,16,0.5,2.2,26.9,177-327,0.541,9,'66-160',0.412,2022
30,Sr,'6-9',Keve Aluma,Virginia Tech,ACC,76.7,4.9,8.1,117,26.4,56.8,60.2,8.6,18.5,13.9,14,3.5,1.5,31.8,195-334,0.584,4.3,'25-75',0.333,2022
31,Jr,'6-5',Wendell Moore Jr.,Duke,ACC,84.6,4.8,7.3,121.1,20.3,56.9,60.5,4.3,12.4,21.7,16.6,0.6,2.3,31.4,136-250,0.544,5.6,'52-126',0.413,2022
32,Sr,'6-2',Alex Barcello,BYU,WCC,80.8,4.8,7,118.2,23.8,54.9,59.8,1.1,11.6,19.6,13.8,0,1.6,32.7,102-211,0.483,10.5,'81-196',0.413,2022
33,Sr,'6-1',R.J. Cole,Connecticut,BE,82.2,4.8,5.4,115.5,24.3,48.4,53.6,2.3,9,24.9,14.1,0.2,1.9,29.7,118-253,0.466,9.5,'59-174',0.339,2022
34,Jr,'6-10',Drew Timme,Gonzaga,WCC,70,4.8,8.2,115.8,29.6,59.6,61.6,7.9,16.8,17.6,16.1,2.7,0.5,43.9,224-368,0.609,1.7,'8-28',0.286,2022
35,Sr,'5-8',Tavian Dunn-Martin,Florida Gulf Coast,ASun,83.3,4.7,3.2,110.6,33.5,51,56.8,1.7,8.5,38.1,19,0.1,1.8,34.2,113-246,0.459,14.5,'103-278',0.371,2022
36,Sr,'6-4',Payton Willis,Minnesota,B10,87.1,4.7,7.6,112.5,24,57.7,58.5,2.3,13.3,25.9,12.5,1.4,2.4,22.4,95-184,0.516,10,'74-173',0.428,2022
37,So,'6-7',Dereon Seabron,N.C. State,ACC,87.8,4.7,5.3,111.4,26.3,50.6,55.3,7.7,18.4,19.1,14.8,0.3,2.3,49.8,189-362,0.522,2.3,11-44',0.25,2022
38,Sr,'6-6',Buddy Boeheim,Syracuse,ACC,90.1,4.7,3.9,110,25,49,53.1,1.7,7.9,16,10.8,0.3,2.3,21.4,125-265,0.472,12.5,'88-259',0.34,2022
39,Jr,'6-3',Iverson Molinar,Mississippi St.,SEC,84.2,4.7,5.3,110.7,26.6,48.3,55.3,1.8,9,23.5,15.5,1.3,2.1,40.3,178-345,0.516,5.5,'27-107',0.252,2022
40,Jr,'6-0',Isaiah Stevens,Colorado St.,MWC,86.9,4.7,4.1,115.1,23.6,51.9,56.7,1.4,10,27.4,12.5,0.4,2.1,26.4,116-236,0.492,6.3,'42-109',0.385,2022
41,Sr,'6-10',Luka Brajkovic,Davidson,A10,74.7,4.7,7.6,121.2,24.1,63.3,63.8,8,21.4,18.4,14.1,4.6,0.6,27.2,159-247,0.644,5.4,'35-87',0.402,2022
42,Jr,'5-11',Jordan Walker,UAB,CUSA,79.5,4.7,5.1,108.6,33.4,50.8,55.7,0.4,9.4,29.9,19.6,0.1,2.5,27.7,104-256,0.406,15.4,'114-285',0.4,2022
43,Fr,'6-10',Paolo Banchero,Duke,ACC,82.2,4.7,7.1,111.3,27.2,52,55.7,6.5,19.1,17.5,15.4,2.7,1.9,36.6,201-383,0.525,5.9,'44-130',0.338,2022
44,Jr,'7-0',Jack Nunge,Xavier,BE,65.4,4.6,9.5,127,21.6,60.5,63.3,10.5,21.2,8.8,9,5.6,1.6,53.4,132-209,0.632,5.8,'35-96',0.365,2022
45,Jr,'6-0',Max Abmas,Oral Roberts,Sum,93.5,4.6,2,112.5,29.4,51.5,55.6,0.9,9.1,18.6,12.3,0.3,1.4,26.1,107-237,0.451,14.9,'106-280',0.379,2022
46,Sr,'6-9',Gaige Prim,Missouri St.,MVC,74,4.6,5.8,116.9,28.8,57.1,61.9,12,20.3,11.7,16.5,4.5,1.7,49,196-341,0.575,1.1,'6-18',0.333,2022
47,So,'6-6',Bennedict Mathurin,Arizona,P12,80.6,4.6,6.7,116.9,23.5,53.7,57.7,5.1,12.6,13.8,12.9,0.8,1.6,36.9,135-260,0.519,10.2,'83-223',0.372,2022
48,Sr,'6-4',Daylen Kountz,Northern Colorado,BSky,86.1,4.6,1.9,114,29,57.1,60.9,1.3,12.1,16.7,13.8,0.9,1.4,32.9,220-403,0.546,6.3,'58-135',0.43,2022
49,Jr,'6-4',AJ Green,Northern Iowa,MVC,87.6,4.6,3.6,110.4,26.2,52,58.5,0.8,11.7,14.2,13.4,0.1,1.4,36.3,81-184,0.44,12.6,'92-237',0.388,2022
50,So,'7-0',Mark Williams,Duke,ACC,58.9,4.6,12.1,138.6,18.6,71.8,72.4,13.2,21.4,6.9,12.3,11.3,1.3,28.9,191-265,0.721,0.1,'0-1',0,2022
1,Jr,'7-4',Zach Edey,Purdue,B10,76.7,7.2,14.3,125.9,32.6,60.7,63.9,21.6,27.2,13.4,13.8,7.2,0.5,50.4,290-478,0.607,0,'0-0',0,2023
2,Sr,'6-4',Jalen Pickett,Penn St.,B10,89.8,6.6,10,118.7,29.3,55.2,57.6,4,19.6,39.3,13.2,1.6,1.6,23,215-394,0.546,5.4,'45-118',0.381,2023
3,Jr,'6-9',Trayce Jackson-Davis,Indiana,B10,78.7,6.4,14.7,118.5,30.1,58.2,60.9,10.1,24.7,24.8,14.3,9,1.4,46.7,262-450,0.582,0,'0-0',0,2023
4,Sr,'6-1',Antoine Davis,Detroit Mercy,Horz,92.5,6.1,5.2,115.6,35.1,52.3,56.8,1.3,8.5,22.7,14.9,0.1,2,24.3,140-338,0.414,18.6,'155-374',0.414,2023
5,Sr,'6-10',Drew Timme,Gonzaga,WCC,79.6,5.9,8.7,119.7,30.5,61.6,62.5,9.6,17.7,19.3,15.1,3.3,1,49,301-474,0.635,1.2,'4-24',0.167,2023
6,Jr,'7-1',Ryan Kalkbrenner,Creighton,BE,73.6,5.7,10,133.4,19.4,70.5,72.5,9.5,12,7.8,13.6,5.9,1.1,38.7,213-296,0.72,1,'6-19',0.316,2023
7,Sr,'6-2',Cam Shelton,Loyola Marymount,WCC,89,5.7,8.1,116.6,30.4,55.2,57.9,4,14.2,27.3,14,0.5,2.9,35.7,187-346,0.54,7.6,'55-142',0.387,2023
8,Sr,'6-5',Taevion Kinsey,Marshall,SB,94.1,5.6,7.5,122.3,26.3,56.4,59.9,4.3,8.9,26.6,12.1,1.3,2.4,40,246-440,0.559,2.2,'19-47',0.404,2023
9,Jr,'6-8',Kris Murray,Iowa,B10,75.6,5.6,8,118.5,25.6,54.8,57.2,8.5,17.8,11.7,9.5,3.4,1.7,25.9,151-259,0.583,11.2,'66-197',0.335,2023
10,Sr,'6-9',Oscar Tshiebwe,Kentucky,SEC,78.3,5.6,9.5,122.6,24.5,56,60.3,19.5,27.9,9.4,14.8,3.3,2.9,54,195-346,0.564,0.1,'0-2',0,2023
11,Jr,'6-1',Steven Ashworth,Utah St.,MWC,82.9,5.6,8.4,127.8,21.8,60.4,65.3,1.2,10.1,26.1,13.7,0.1,2.1,38.5,56-109,0.514,12.7,'106-247',0.429,2023
12,Sr,'7-0',Jake Stephens,Chattanooga,SC,56.1,5.6,10.8,120.9,30.5,61.5,66,7.8,26,26,17.8,7.7,1.8,44.5,112-184,0.609,9.3,'48-115',0.417,2023
13,Sr,'6-1',Xavier Castaneda,Akron,MAC,79.4,5.5,8,121.9,29.4,54.4,62.3,2.8,11.8,19,13.5,0.2,1.7,59.1,65-136,0.478,15.9,'102-265',0.385,2023
14,Sr,'5-11',Tylor Perry,North Texas,CUSA,82.6,5.5,10.1,124.3,24.4,57.2,63.3,2,10.7,12.6,13.7,0.2,2.7,43.6,63-132,0.477,15,'111-269',0.413,2023
15,So,'6-5',Brandin Podziemski,Santa Clara,WCC,86.2,5.4,10,120.5,25.5,57.6,60.8,5.5,21,20.8,14,1.3,2.8,32.3,137-267,0.513,9,'80-179',0.447,2023
16,Sr,'6-3',Adam Flagler,Baylor,B12,78.9,5.4,7,120.4,22.8,52.8,56.2,1.1,7.7,27.9,13,0.2,2.1,26.6,88-194,0.454,10.9,'80-200',0.4,2023
17,Sr,'6-7',Jordan Miller,Miami FL,ACC,86.9,5.4,6.9,127.2,20,58.5,61.6,7.2,14,14.1,11.1,1.3,2,31.3,186-309,0.602,4.1,'32-91',0.352,2023
18,Sr,'6-0',Kendric Davis,Memphis,Amer,84.2,5.4,7.2,111.1,31.4,47.3,55.1,1.8,9.7,30,15.5,0.6,3.1,47.4,163-363,0.449,8.8,'65-188',0.346,2023
19,Sr,'5-9',Darius McGhee,Liberty,ASun,82.1,5.3,11,114.4,33.6,55.8,58.9,1.6,11.3,21.3,10.9,0.6,3.1,20.5,107-205,0.522,22.1,'150-390',0.385,2023
20,Sr,'6-0',Isaiah Stevens,Colorado St.,MWC,71.8,5.3,4.4,111.9,28,51.5,55.5,2.4,8.7,38.1,13.2,0.9,1.2,23.8,118-236,0.5,7.9,'44-121',0.364,2023
21,Sr,'6-0',Max Abmas,Oral Roberts,Sum,91.1,5.2,5.4,120.3,27.5,54.5,60.2,1.5,10.1,19.8,11.3,0.6,1.8,33.4,104-201,0.517,14.4,'108-287',0.376,2023
22,Sr,'5-8',Markquis Nowell,Kansas St.,B12,90.7,5.2,8.6,111,27.6,48.1,56,1.2,9.7,42.9,20.4,0.2,3.9,44.6,92-218,0.422,10.6,'88-248',0.355,2023
23,Jr,'6-11',Azuolas Tubelis,Arizona,P12,75.6,5.2,8.8,116.1,28.4,58,61.4,10.6,21.8,14,15.3,2.3,2.1,37,264-449,0.588,1.7,10-32',0.313,2023
24,Sr,'6-2',Marcus Sasser,Houston,Amer,74.9,5.1,11,123.5,24.9,54.9,59.8,1.4,8.9,19.6,12.9,0.7,3.2,34.7,95-185,0.514,13.9,'96-250',0.384,2023
25,Sr,'6-2',Cameron Parker,Portland St.,BSky,85.1,5.1,5.7,122.4,24.9,55.1,64,0.9,12.5,35.9,15.7,0.2,1.8,82.2,131-243,0.539,2.5,'18-44',0.409,2023
26,Jr,'6-2',RayJ Dennis,Toledo,MAC,84.9,5,4.9,119.5,28.6,53.1,56,2.7,12.1,31.6,11.5,0.6,2.4,23.7,206-392,0.526,6.9,'51-140',0.364,2023
27,Sr,'6-1',Tyree Appleby,Wake Forest,ACC,91.1,5,5.3,112,28.7,51.5,58,1.4,9.4,34.6,18.6,0.2,2.7,48.4,109-222,0.491,10.1,'77-214',0.36,2023
28,Sr,'5-11',Jordan Walker,UAB,CUSA,70.5,5,7.7,114.8,30.4,52.2,56.5,1.1,7.8,26.3,15.3,0,2.1,28.1,98-219,0.447,18.3,'135-357',0.378,2023
29,Jr,'7-1',Hunter Dickinson,Michigan,B10,80,5,9.3,116.4,27.1,58.7,61.4,8.3,22.4,10.5,13.6,5.4,0.9,36.9,220-379,0.58,3,'24-57',0.421,2023
30,Sr,'6-8',Kobe Brown,Missouri,SEC,71.2,5,8.1,125.6,23.5,62.5,65.5,7.3,18.3,16.7,13.6,1.9,2.8,35.6,143-239,0.598,6.4,'51-112',0.455,2023
31,Fr,'6-9',Brandon Miller,Alabama,SEC,80,4.9,11,117,25,53.3,58.3,6.7,17.7,12.7,14.7,2.4,1.5,32.9,116-240,0.483,12.5,'106-276',0.384,2023
32,Jr,'6-10',Josh Cohen,Saint Francis,NEC,86.4,4.9,5,118.4,29.9,58.5,60.5,8.8,19.3,17.4,10.5,2.7,1.5,56.6,245-418,0.586,0.1,'0-1',0,2023
33,Sr,'6-3',Souley Boum,Xavier,BE,87.9,4.9,5.3,119.2,21.1,53.2,59.6,1.3,12.2,20,14.1,0.4,1.6,42.1,108-230,0.47,8.2,'78-193',0.404,2023
34,Jr,'6-9',Adama Sanogo,Connecticut,BE,66.5,4.8,10.3,122.7,26.4,62.7,64.8,11.6,21.3,11.5,16.1,3.2,1.5,28,258-405,0.637,2.9,'19-52',0.365,2023
35,Sr,'6-7',JT Shumate,Toledo,MAC,73.5,4.8,5.2,135.2,21.1,61.6,65.6,6.7,11.9,7.9,7.3,3.9,1.1,33,140-228,0.614,7.5,'55-133',0.414,2023
36,Jr,'6-3',Jordan Dingle,Penn,Ivy,79.6,4.8,5.7,112.7,32.2,54.6,59.7,2.5,9.4,15.7,15.2,0.5,1.9,35.5,141-254,0.555,13.6,'77-216',0.356,2023
37,Sr,'6-7',Jaime Jaquez Jr.,UCLA,P12,83.1,4.8,9.5,113.1,27.2,51.1,54.3,9,20.2,14.6,11.9,2.2,2.8,24.9,228-439,0.519,5,'33-104',0.317,2023
38,Sr,'6-10',KJ Williams,LSU,SEC,82.1,4.8,7.2,118.3,24.4,55.6,58.7,9.8,17.7,7.5,10.9,2.9,2.2,27.6,157-298,0.527,7.8,'58-141',0.411,2023
39,Jr,'6-8',Eric Dixon,Villanova,BE,78.8,4.7,6,116.3,25.6,54.7,58.6,9.3,16.4,10.5,11.2,2.4,1,33.7,148-275,0.538,6.4,'42-111',0.378,2023
40,So,'6-5',Ajay Mitchell,UC Santa Barbara,BW,86.6,4.7,4.8,117.3,26.2,53.6,59.8,1.3,8.8,29.7,14.6,0.9,2.3,49.7,174-308,0.565,3.7,'19-70',0.271,2023
41,Sr,'6-3',Boogie Ellis,USC,P12,82.4,4.7,6.3,113.3,25.6,52.9,57.3,1.1,10.8,19.8,12.9,0.7,2.5,34,107-223,0.48,11.5,'83-215',0.386,2023
42,Jr,'6-3',Tyler Kolek,Marquette,BE,79.7,4.7,8.1,117.8,24.2,53.9,57.9,2.8,12.6,39.5,18.5,0.5,3.2,31.7,118-232,0.509,5.9,'47-118',0.398,2023
43,So,'6-10',DaRon Holmes II,Dayton,A10,85,4.7,7.4,115.6,27,59.7,62.1,11,16.9,12.1,15.8,6.5,1.4,60.5,224-371,0.604,1,'6-19',0.316,2023
44,Sr,'6-9',DeAndre Williams,Memphis,Amer,76.7,4.7,9.1,115.9,26.8,56.5,59.3,9.5,19.8,19.2,15.3,3.6,2.6,34.1,210-377,0.557,3.7,'29-72',0.403,2023
45,Jr,'6-6',Omari Moore,San Jose St.,MWC,91.1,4.7,6.1,110,28.1,49.2,52.5,2.9,12.3,30.6,16.1,2.1,1.3,24.8,151-313,0.482,9.9,'66-195',0.338,2023
46,Jr,'6-8',Jalen Wilson,Kansas,B12,87.8,4.7,5.9,106.2,28.2,49,54,5.2,20.8,12.5,13.4,1.4,1.5,34.6,177-367,0.482,9.3,'70-208',0.337,2023
47,Sr,'6-9',Joey Hauser,Michigan St.,B10,83.9,4.7,7.4,121.4,19.5,59.7,63.6,4.8,19.1,10.6,13.6,0.7,0.7,28.6,87-172,0.506,8.8,'77-167',0.461,2023
48,Jr,'6-9',Isaac Jones,Idaho,BSky,77.9,4.6,4.9,118.7,28.7,62.5,64.5,7.9,22.9,14.6,13.5,3.8,1.2,60.2,203-319,0.636,1.1,'5-18',0.278,2023
49,So,'6-5',Jordan Hawkins,Connecticut,BE,69.6,4.6,7.4,121.2,22.7,53.1,58.4,3.9,10.8,8.2,11.9,1.8,1.4,31.7,73-164,0.445,15.2,'109-281',0.388,2023
50,Jr,'6-11',Max Fiedler,Rice,CUSA,77.2,4.6,6.2,129,19.7,73.2,72,12.1,16.6,32.5,22.7,3.7,1.4,30,161-217,0.742,0.2,'0-3',0,2023
1,Sr,'7-4',Zach Edey,Purdue,B10,79.2,7.9,15.5,128.8,33.4,62.4,65.9,18.1,25.5,14.6,12.7,6.9,0.5,80.9,335-537,0.624,0.1,'1-2',0.5,2024
2,Sr,'6-1',Mark Sears,Alabama,SEC,83.6,6.6,10.3,129.1,25.6,60.4,65.8,2.8,10.2,21.2,15.5,0.3,2.6,46.6,157-278,0.565,9.5,'95-218',0.436,2024
3,Sr,'6-6',Terrence Shannon Jr.,Illinois,B10,70.6,6.6,10.6,124.8,27.9,55.9,62.1,2.7,10,13.2,12.1,2.3,1.7,59.9,142-248,0.573,11.2,'77-213',0.362,2024
4,Jr,'6-2',KJ Simpson,Colorado,P12,86.8,6,9.2,122.6,26.4,55.2,60.6,2.8,16.4,27.1,13.9,0.2,2.7,36.3,164-330,0.497,8.1,'79-182',0.434,2024
5,Sr,'6-9',Jaedon LeDee,San Diego St.,MWC,79.3,5.9,10.1,119.7,30.5,57.6,62.3,11.7,16.8,10.2,13.9,1.9,2.2,66.7,233-409,0.57,2.2,'18-42',0.429,2024
6,Jr,'6-10',DaRon Holmes II,Dayton,A10,80.7,5.9,11.5,119.1,31.2,58.4,62.6,6.8,23.7,19,13.7,7.2,1.8,72.4,185-316,0.585,4.8,'32-83',0.386,2024
7,Sr,'6-4',Cam Spencer,Connecticut,BE,82,5.8,11.2,137.1,18.5,60.6,64,4,12.5,18.9,10,0.8,2.7,22.2,97-180,0.539,10.4,'99-225',0.44,2024
8,Sr,'6-0',RJ Davis,North Carolina,ACC,86.7,5.8,9.7,120.8,26.1,52.1,56.9,1.5,9.6,20,9.2,0.6,2,28.5,147-323,0.455,12.4,'113-284',0.398,2024
9,Sr,'7-1',Ryan Kalkbrenner,Creighton,BE,84.4,5.8,9.4,129.1,21,66.8,68,9.3,15.2,7.1,12.1,7.6,0.6,39.9,225-319,0.705,2.6,'16-54',0.296,2024
10,Sr,'6-1',Xavier Johnson,Southern Illinois,MVC,91.3,5.5,6.3,112.2,34.1,48.7,57.3,1.8,12.5,39.4,16.7,0.7,2.5,50.3,137-307,0.446,9.5,'66-178',0.371,2024
11,Jr,'6-8',Tyson Degenhart,Boise St.,MWC,83,5.5,8.5,126.8,22.6,53.9,59.9,7.8,15,9.3,8,1,1.9,52.5,141-252,0.56,5.4,'30-93',0.323,2024
12,Sr,'6-3',Tyler Kolek,Marquette,BE,68.8,5.3,9.2,118.4,26.6,56.3,60,2.6,14.8,42.1,18.9,0.6,2.8,26.8,127-230,0.552,6.8,'47-121',0.388,2024
13,Sr,'6-5',Tristen Newton,Connecticut,BE,83,5.2,9.6,119.9,26.1,49.5,56.1,5.4,16.8,31.2,17.1,0.9,1.7,47.4,111-218,0.509,10.1,'71-221',0.321,2024
14,Sr,'6-2',Boo Buie,Northwestern,B10,90.6,5.2,6.3,114.4,27.8,52.9,57.5,2.2,9.5,28.7,13.7,0.2,2.4,30.1,126-286,0.441,10.1,'89-205',0.434,2024
15,So,'6-10',Robbie Avila,Indiana St.,MVC,75.6,5.2,8.6,127,25.2,60.9,64.8,5,18.8,24.4,12.8,2,1.2,40,163-263,0.62,7.6,'61-155',0.394,2024
16,So,'6-7',Caden Pierce,Princeton,Ivy,86.8,5.2,7.5,123.2,25.7,59,62.4,7.3,27.3,20.2,13,1.8,2.3,39.9,147-240,0.613,5.1,'27-78',0.346,2024
17,Sr,'6-6',Antonio Reeves,Kentucky,SEC,77.8,5.2,6.2,126.5,23.6,60.3,64,2.7,11.1,9.2,8.9,0.8,1.1,28.5,151-271,0.557,9.8,'84-188',0.447,2024
18,Sr,'6-4',Zyon Pullin,Florida,SEC,75.5,5.2,5.8,127.4,20.5,49.3,57.4,2.2,10.1,24.7,10.3,0.3,1.5,53.4,123-278,0.442,3.8,'35-78',0.449,2024
19,Sr,'6-7',Baylor Scheierman,Creighton,BE,89.8,5.2,8.7,116.5,24.9,56,59.6,2.6,23.2,19.9,14.4,0.3,1.5,23.1,109-200,0.545,13.3,'110-289',0.381,2024
20,Sr,'6-7',Riley Minix,Morehead St.,OVC,87.3,5.2,8.1,122.7,28.1,60.4,64,9.7,21.1,14.4,15.3,3.1,2.1,32.7,190-292,0.651,8.6,'52-152',0.342,2024
21,Sr,'6-1',Jahmir Young,Maryland,B10,84.7,5.1,9.7,110.9,30.7,46,54.6,3.2,12.9,30,15,0.9,2.3,44.6,143-320,0.447,9.2,'56-173',0.324,2024
22,So,'6-2',Bruce Thornton,Ohio St.,B10,81,4.9,7.1,121.3,23.2,49.5,55.4,1.5,10.6,27.6,9.1,0.2,2.1,36.1,123-250,0.492,8.7,'58-174',0.333,2024
23,Sr,'6-11',N'Faly Dante,Oregon,P12,47.5,4.9,11.7,120.1,24.2,69.5,68.6,10.3,24.5,11.2,18.2,6.6,3.2,50.5,153-220,0.695,0,'0-0',0,2024
24,Jr,'6-6',Dillon Jones,Weber St.,BSky,93.3,4.9,7.6,113.3,31.2,52,58.6,2.9,31,31.3,16.1,0.3,3.1,45.4,174-326,0.534,5.6,'32-101',0.317,2024
25,Jr,'6-3',Devin Carter,Providence,BE,82.3,4.9,11.4,112.7,27.8,56.4,59.8,3.4,23.7,23.3,16.1,2.8,2.9,37.6,135-240,0.563,11.2,'84-223',0.377,2024
26,Sr,'6-7',Keion Brooks Jr.,Washington,P12,86.1,4.9,5.6,115.1,26.1,54.3,59.4,4.9,16.7,7.7,11.6,2.1,1.1,44.7,176-331,0.532,6.8,'52-137',0.38,2024
27,Jr,'6-7',Frankie Fidler,Nebraska Omaha,Sum,92.4,4.8,5.5,120.5,26.9,52.1,60.4,4,17.4,15.6,10.3,1.4,1.9,56.5,136-269,0.506,7.3,'49-133',0.368,2024
28,Sr,'6-11',Drew Pember,UNC Asheville,BSth,76.2,4.8,10.5,116.8,32.2,53.5,61.9,5.5,24.5,24.9,16.1,6,1.6,64.8,117-224,0.522,10.5,'64-174',0.368,2024
29,Sr,'6-6',Dalton Knecht,Tennessee,SEC,76.6,4.8,9.9,114.5,29.8,53.8,57.7,2.8,14.3,13.4,10.6,2.4,1.3,35.4,171-343,0.499,12.1,'93-234',0.397,2024
30,Sr,'6-3',Quincy Olivari,Xavier,BE,80.6,4.8,7.9,117.1,24.6,53.9,58.9,1.7,16.9,13.2,11,0.2,2.3,39.3,92-207,0.444,13.2,'106-259',0.409,2024
31,Sr,'6-11',Joel Soriano,St. John's,BE,70.5,4.8,8.3,128.5,21.6,58.9,62,14.2,23.2,9.3,11.4,6.6,0.4,55.3,161-275,0.585,1,'7-16',0.438,2024
32,Sr,'6-9',Jalen Bridges,Baylor,B12,78.5,4.8,8.7,130.1,16.8,58.5,61.6,7.7,15.1,8.2,10.4,1.9,1.9,25.9,69-130,0.531,9.6,'73-175',0.417,2024
33,Sr,'6-6',David Jones,Memphis,Amer,80.5,4.7,8,114,30.5,54,59.3,8.9,16.7,11.8,16.8,1.5,3.7,44.7,144-278,0.518,11.1,'79-208',0.38,2024
34,Sr,'6-0',Isaiah Stevens,Colorado St.,MWC,87.5,4.7,6.6,114.9,26,53.8,57.5,1.7,8.9,38.8,15.6,0.5,2.1,25.3,139-283,0.491,7,'59-140',0.421,2024
35,Jr,'6-5',Hunter Sallis,Wake Forest,ACC,85.5,4.7,6.3,115.7,23.9,56.8,59.6,2.3,11.3,14.1,12.9,1.7,1.8,25,149-275,0.542,8.9,'75-185',0.405,2024
36,Jr,'6-9',Jonathan Mogbo,San Francisco,WCC,72.9,4.6,10.5,128,24.5,62.5,63.9,14.3,29.6,24.3,14.7,3.4,3.2,32.2,198-315,0.629,0.1,'0-2',0,2024
37,Sr,'6-1',L.J. Cryer,Houston,B12,79.3,4.6,8.2,120.8,22,52.6,55.1,2.2,6.3,12.1,8.4,0.5,2.1,14.4,88-198,0.444,15.2,'112-289',0.388,2024
38,So,'6-3',Xaivian Lee,Princeton,Ivy,81.9,4.6,6.6,116.4,28.9,52,56.5,2.6,20.4,24.7,9.8,1.7,2,33.6,117-221,0.529,10.4,'51-151',0.338,2024
39,Fr,'6-3',PJ Haggerty,Tulsa,Amer,83.8,4.6,6.4,114.3,30.3,51.4,59.3,3.6,14.1,26.3,13.9,0.1,3.2,75.6,171-320,0.534,4,'21-74',0.284,2024
40,Sr,'6-7',Enrique Freeman,Akron,MAC,81.8,4.6,7.9,118.4,28.1,61.1,64.5,11.8,32.8,10.9,17.3,5.9,1.4,59.4,203-327,0.621,2.9,'19-52',0.365,2024
41,Jr,'6-5',Kam Jones,Marquette,BE,70.2,4.5,8.6,118.6,25.4,60.2,61.4,1.8,9.7,16.7,10.7,0.2,2.3,16.2,140-235,0.596,12.9,'95-234',0.406,2024
42,Jr,'6-7',Payton Sandfort,Iowa,B10,75.9,4.5,7.3,121.6,22.6,56.2,60.8,4.5,19.2,15.4,10.6,1.4,1.3,27.7,86-156,0.551,13.1,'94-248',0.379,2024
43,Sr,'6-8',Eric Dixon,Villanova,BE,74.7,4.5,8.3,114.4,28.4,53.1,58.5,8.2,17.1,13.4,12.7,2,1.7,34.9,138-256,0.539,9.6,'55-159',0.346,2024
44,Sr,'7-0',Quinten Post,Boston College,ACC,77.1,4.5,8.9,114.7,27,57,60.5,7.5,21.8,18.7,16.9,6,1.6,28.4,172-317,0.543,6.2,'50-116',0.431,2024
45,Jr,'6-0',Wade Taylor IV,Texas A&M,SEC,81.7,4.5,6.6,109.8,29.8,45,50.9,1.4,10.4,26.7,16.9,0.1,3.3,32.5,116-283,0.41,15.1,'98-302',0.325,2024
46,So,'6-8',Alex Karaban,Connecticut,BE,76.6,4.5,8.5,130.3,17.1,60,62.3,5.7,12.5,8,9.5,2.8,1.7,15.8,110-172,0.64,10.6,'81-214',0.379,2024
47,Sr,'6-7',Emanuel Miller,TCU,B12,80.4,4.5,6.4,121.1,21.8,52.6,57.9,7.6,14.3,14.7,11.9,1.4,1.9,40.4,158-308,0.513,4.1,'31-81',0.383,2024
48,Sr,'6-8',Mikeal Brown-Jones,UNC Greensboro,SC,64.2,4.5,5.1,121.6,29.5,57.7,63.2,8.6,22,8.7,12.2,3.6,1.3,61.2,141-253,0.557,4.6,'26-59',0.441,2024
49,So,'7-0',Kyle Filipowski,Duke,ACC,76,4.5,10.1,114.5,27.7,55.1,57.5,8.6,22.6,18.4,14.9,5.2,2.3,38.4,181-323,0.56,6.1,'39-112',0.348,2024
50,Sr,'6-8',Anton Watson,Gonzaga,WCC,79.5,4.5,9.2,125.5,20.9,60.2,61.5,8.7,16.5,13.4,12,2.1,2.8,36,174-290,0.6,2.6,'20-49',0.408,2024